id	baseMean	log2FoldChange	lfcSE	stat	pvalue	padj
miR-6859-5p	327.78306690053	4.69973760627471	0.238104369429572	19.7381409569841	1.01442207444671e-86	3.91566920736432e-84
miR-3197	2658.14467633054	4.76717518608967	0.339167550705641	14.0555167384719	7.12598644391666e-45	1.37531538367591e-42
miR-4763-3p	313.643824120506	2.67646616906753	0.201912085343884	13.2556016372628	4.18745177148848e-40	5.38785461264852e-38
miR-6845-5p	587.006587771501	2.70421220665356	0.224665850513338	12.0365965743112	2.2817653110906e-33	2.20190352520243e-31
miR-937-5p	177.133799861513	2.093918098892	0.177123293721869	11.8218109820158	3.01122294816611e-32	2.32466411598424e-30
miR-4448	25596.448606708	2.65728845064744	0.229818896333144	11.5625324681546	6.37990482022851e-31	4.10440543434701e-29
miR-4463	98.9307142846108	1.71553632649273	0.160051544553541	10.7186489907247	8.3209851920363e-27	4.58842897732288e-25
miR-6088	61.4454578949858	-2.18001799555492	0.225156512103796	-9.68223381675918	3.58789468657978e-22	1.73115918627474e-20
miR-1915-3p	1350.91302005141	2.32035151143527	0.258052704163135	8.99177367259208	2.4327226956164e-19	1.0433677338977e-17
miR-4440	38.1431480932547	3.25417098391064	0.362718809681805	8.97160802541606	2.92216677899103e-19	1.12795637669054e-17
miR-4507	124.159585390653	2.09277663890895	0.237253486082905	8.82084673848654	1.13597410941385e-18	3.98623642030677e-17
miR-1290	1732.54875615429	-3.06713974034248	0.36037328158573	-8.51100760535389	1.72428325415902e-17	5.54644446754484e-16
miR-181c-5p	106.425383801142	-2.05157795730006	0.248919775583002	-8.24192434086443	1.69462719524271e-16	5.03173921048991e-15
miR-920	129.473446612889	-2.0994573813353	0.257307316531587	-8.15933806172031	3.3686558268804e-16	9.28786535125595e-15
miR-3178	3876.64250183782	1.56616231797164	0.195336540163357	8.01776419640625	1.07687282777599e-15	2.77115274347687e-14
miR-1275	118.59128308705	1.45024042222073	0.183576929324292	7.89990565567665	2.79114612052879e-15	6.73364001577572e-14
miR-574-3p	658.496045207437	1.94220298661665	0.250827668801154	7.7431768030199	9.69630592948621e-15	2.2016318169304e-13
miR-210-3p	166.411834904306	-0.831431464562494	0.108168370799093	-7.68645638665257	1.51266218224125e-14	3.07309264392171e-13
miR-8072	1210.50531536493	-1.72232403379802	0.223947444756639	-7.69075099592963	1.46273868253144e-14	3.07309264392171e-13
miR-6886-3p	61.481051437736	1.45464465439874	0.190666353214372	7.62926772278082	2.36090892961721e-14	4.55655423416121e-13
miR-4454	906.132585280801	1.74854417872344	0.233844775928341	7.47737113981652	7.58240548400258e-14	1.39371834134524e-12
miR-4488	7424.64392203312	-1.54478725169515	0.207645737108212	-7.43953270222976	1.01042085897025e-13	1.77282932528417e-12
miR-7845-5p	33.4612151970522	-1.67152322843912	0.226538193432884	-7.37854929938929	1.60023537675041e-13	2.68561241489416e-12
miR-6850-5p	283.944334634485	0.768497545244822	0.104318386789241	7.36684652531532	1.74711420859848e-13	2.80994201882922e-12
miR-149-3p	335.371875004106	-2.37633344521779	0.323115638051079	-7.3544365093284	1.91734212018166e-13	2.96037623356049e-12
miR-4539	71.6302907990831	2.19532761207031	0.299351535884892	7.33361065137299	2.24033344782792e-13	3.32603350331376e-12
miR-181d-5p	94.2235138030506	-2.0467662547504	0.280096295492262	-7.30736638681087	2.72428992398979e-13	3.89472559503725e-12
miR-1268b	355.651358880934	1.56140438128744	0.214283001785673	7.28664601613694	3.17766367616251e-13	4.38063635356688e-12
miR-6763-3p	235.256074749812	1.09389476762962	0.150435199542099	7.27153466050009	3.5542615004e-13	4.73084461777379e-12
miR-1246	142120.930666289	-1.48215831864574	0.204917937408773	-7.23293596152644	4.72662317259855e-13	6.0815884820768e-12
miR-4758-5p	82.4892658437766	1.61429334075233	0.227854759370213	7.08474707842054	1.39298473093563e-12	1.73449066497147e-11
miR-378i	80.2239202473327	-1.68677529393718	0.240034642745037	-7.02721604951356	2.1069499784601e-12	2.5415084115175e-11
miR-4787-5p	667.285851411961	-0.79829217120283	0.116370516487691	-6.85991774632426	6.89002082494673e-12	8.0592364800892e-11
miR-1237-5p	576.793680917253	-1.33997596045402	0.203531134251296	-6.58364119761441	4.5906420580803e-11	5.21172892476175e-10
miR-5095	1135.47808108355	2.09540829005475	0.319541096569202	6.55755492032915	5.46971693760356e-11	5.88467798112705e-10
miR-638	567.366053897739	-1.53540148266325	0.234160442805834	-6.55704893732374	5.48830070778689e-11	5.88467798112705e-10
miR-1225-3p	183.412617421899	2.00518448611601	0.308286035495935	6.50429878502377	7.80566179498208e-11	8.14320392665698e-10
miR-1255b-2-3p	384.049303169568	2.37332352862542	0.365182918260358	6.49899929583605	8.08560403017489e-11	8.21327146223028e-10
miR-422a	82.708185533288	-2.03044697887637	0.312839676957269	-6.49037551318567	8.5622689859238e-11	8.47445084247842e-10
miR-4651	489.641036040669	0.903327304389962	0.140474571614948	6.43053966283702	1.27151695617674e-10	1.22701386271055e-09
miR-6858-5p	171.376414706934	0.803881729300201	0.125304761646679	6.4154124610755	1.40442097122114e-10	1.32221096314966e-09
miR-4665-5p	62.3242229257506	-1.3364500792006	0.209344015552688	-6.38398989181632	1.72532484155926e-10	1.58565568771875e-09
miR-1910-5p	36.2505107757041	1.72924830022674	0.271825054747689	6.36162219053665	1.99634001070596e-10	1.79206335844768e-09
miR-3960	53355.4956377764	-1.63360020393541	0.258163324478089	-6.32777799572403	2.48716622473718e-10	2.1819230971558e-09
miR-181b-5p	121.210095438313	-1.83283794369399	0.292580398282795	-6.26439076045843	3.74285832401606e-10	3.21054069571155e-09
miR-378a-3p	106.02170721002	-1.63784233095401	0.261928029452916	-6.25302429211162	4.02579489727581e-10	3.37816702249666e-09
miR-320e	164.493966458133	-1.35180648638036	0.217603060633621	-6.21225860722794	5.22283775350799e-10	4.27304415591116e-09
miR-4739	560.685649553618	-2.74700649921828	0.442384099357709	-6.20955071216759	5.31363003843875e-10	4.27304415591116e-09
miR-1973	41.034721133617	2.23109116277975	0.360514179814855	6.18863636355594	6.06868967740709e-10	4.78064125607987e-09
miR-5585-3p	1529.48962207749	1.73082231862467	0.281916487662995	6.13948596257239	8.27889392201571e-10	6.39130610779613e-09
miR-6778-5p	35.8835321645308	-1.68672086440367	0.276044196277527	-6.11032902393604	9.94259442373637e-10	7.38046432223508e-09
miR-7108-5p	141.818483243445	1.03518803741694	0.169378530112577	6.11168391134875	9.85853023202333e-10	7.38046432223508e-09
miR-4687-5p	154.990516615396	-0.661730598292698	0.109286219621034	-6.0550232278813	1.40397404359992e-09	1.02251694496145e-08
miR-1285-5p	2003.33796707631	1.79895820585831	0.29798791247168	6.03701737743902	1.56988823008258e-09	1.12217936446644e-08
miR-5787	2473.31722705974	-1.43282715018843	0.237896269843776	-6.02290717348934	1.71311705184958e-09	1.2022966945708e-08
miR-1260b	1496.30522918418	-1.13294014643584	0.18972265324452	-5.97155967967447	2.34996065996374e-09	1.61979431204643e-08
miR-3663-5p	114.292716612528	0.900941938551293	0.151005781401839	5.96627447100062	2.42731845621086e-09	1.64376302473227e-08
miR-6126	3042.66930428782	-2.07262089999488	0.349093913880134	-5.93714418265835	2.90029592200996e-09	1.93019694119973e-08
miR-6741-5p	2566.43704876598	-1.90585369257525	0.322567895640553	-5.90837996692328	3.45488409978151e-09	2.26031400426383e-08
miR-6786-5p	645.689822458496	-1.11441259729285	0.188741543861989	-5.90443722399412	3.53852576973107e-09	2.27645157852699e-08
miR-4429	212.634936419184	-1.3531924388918	0.229761844998924	-5.88954375300273	3.87263271375915e-09	2.45055119264104e-08
miR-3648	161.604785424605	-0.915121835203551	0.15717641678661	-5.82225917801629	5.80574221389245e-09	3.6145427331653e-08
miR-1273g-3p	25745.1631120955	1.7767143742971	0.305542068759303	5.81495825275943	6.06490201192034e-09	3.715955835875e-08
miR-4800-3p	265.897401577472	-1.76060042812228	0.303300605521222	-5.80480353837966	6.44415188042065e-09	3.8866291028787e-08
miR-4502	67.9643728955233	1.53434268856444	0.265493547110126	5.77920896860065	7.50526597734272e-09	4.45697333423737e-08
miR-4530	72.3661982533416	-1.36523502525111	0.236576091787193	-5.77080724826236	7.88926760568652e-09	4.61402620574999e-08
miR-6780b-5p	989.421142065724	-2.3082136952627	0.40062769638054	-5.76149306729464	8.33730885576282e-09	4.80328540048425e-08
miR-6877-3p	112.572734919323	1.67859482718589	0.293425849044426	5.72067809517268	1.0609974792989e-08	6.02272098543199e-08
miR-1268a	780.20549264965	1.39510934851773	0.245933783469387	5.67270315138054	1.40561677990267e-08	7.86330546438305e-08
miR-6858-3p	231.913673802983	0.756197579886013	0.13348976456484	5.66483566999403	1.47165504556246e-08	8.11512639410156e-08
miR-320d	150.098484140983	-1.51839693271706	0.268283078021573	-5.65968209368377	1.51653659770586e-08	8.24483277062625e-08
miR-6752-5p	1250.51051587438	-2.44862749353663	0.438876790276553	-5.57930505277725	2.41481417286225e-08	1.29460870934004e-07
miR-6085	103.349650254924	-0.951535247444532	0.17176892921401	-5.53962379458625	3.03122108046825e-08	1.60281005076814e-07
miR-7641	150.770533894588	-1.813559895848	0.328353131460939	-5.52319963503603	3.32881135881812e-08	1.73637997905918e-07
miR-3937	92.5071844813791	-1.13499918164279	0.206632276154662	-5.49284556490709	3.9550863317298e-08	2.03555109873027e-07
miR-425-5p	28.0164937055145	-2.25002123966454	0.412767179714611	-5.45106624325174	5.00687143143214e-08	2.54296364806948e-07
miR-574-5p	193.744175252311	1.6871693309862	0.310348360941412	5.43637261646342	5.43761812451765e-08	2.72587090397898e-07
miR-6769a-3p	41.328128227985	1.38907727389177	0.256216169364765	5.42150511942982	5.90993042694097e-08	2.92465787794771e-07
miR-649	68.3687808831043	1.88995176329786	0.349140289558467	5.41315860649584	6.1922594828187e-08	3.02558501312407e-07
miR-566	182.753818726044	1.54294792960423	0.285676210105276	5.40103752088993	6.62565643359277e-08	3.19687922920851e-07
miR-619-5p	42160.4201155011	1.58716473714004	0.294018708797142	5.3981759991848	6.73218103568067e-08	3.20817516021326e-07
miR-654-5p	602.94232587035	-1.95491358594197	0.363066100830244	-5.38445638816613	7.26639188974406e-08	3.42052106029415e-07
miR-6722-3p	42.1065851712874	1.45976637542666	0.272437106236458	5.35817750963657	8.40656258261037e-08	3.90955802034651e-07
miR-181a-5p	287.956584012835	-1.74485498333676	0.326277228968896	-5.34776818122082	8.90454136236973e-08	4.04370937161731e-07
miR-320c	171.957672989028	-1.21609941220968	0.227316556793362	-5.34980570427678	8.80487101944322e-08	4.04370937161731e-07
miR-1273h-5p	1133.04689613763	1.64729278328198	0.309687332987552	5.31921266327091	1.0421726220108e-07	4.67765851274617e-07
miR-149-5p	57.6922559201287	-1.39385797766548	0.265600321935991	-5.24795289217079	1.53798609837209e-07	6.82370843645549e-07
miR-96-5p	22.8230451291862	-2.55872928092402	0.487790444726157	-5.24555023286787	1.55816597430023e-07	6.83468256908964e-07
miR-1273e	935.803889662839	1.48664391765888	0.283625221275369	5.24157869661212	1.5920854905444e-07	6.90499999269819e-07
miR-6511b-3p	92.6526992524602	0.87616925090535	0.167741586669257	5.2233275498516	1.75736126737422e-07	7.53712721340497e-07
miR-6799-5p	642.911273036662	-1.61133946154447	0.308614066447778	-5.22121198197922	1.77755922956529e-07	7.53997651222202e-07
miR-4713-3p	140.692550384477	-1.18324086274409	0.227502377413349	-5.20100438596412	1.98214424144648e-07	8.31638779563414e-07
miR-320a	246.451481774257	-1.22207392813498	0.236248467995493	-5.17283323995267	2.30570780173673e-07	9.56992700505783e-07
miR-4795-5p	70.272707626639	-1.17640826941513	0.228494046213905	-5.1485292019987	2.62536918026532e-07	1.07807713147065e-06
miR-17-3p	59.4393892389271	-1.46616464426109	0.286530226087642	-5.11696327567419	3.1049404692627e-07	1.26158633803727e-06
miR-4497	18314.751100897	-1.7639397443855	0.345046624614732	-5.11217794509672	3.18465621649871e-07	1.28049718705052e-06
miR-320b	178.431596261716	-1.1409288757113	0.223347459984093	-5.10831363738165	3.25046783862453e-07	1.29348513990625e-06
miR-3135a	299.99706174349	1.3497814771383	0.264871510384023	5.0959858807817	3.46930985261391e-07	1.36648326847854e-06
miR-4726-5p	47.5209771001179	1.47150129295418	0.289421161275514	5.08429061119477	3.69002590081812e-07	1.4387373714301e-06
miR-378g	58.8430706673315	-1.28396203388096	0.252930832464609	-5.07633656747093	3.84781464229846e-07	1.48525645192721e-06
miR-6893-3p	44.1475938572806	1.84410713964729	0.363659996595383	5.07096506877849	3.95803423648736e-07	1.51267447057834e-06
miR-1202	86.507560355742	1.11606021723081	0.221537933255032	5.0377838270524	4.70952899489114e-07	1.78223352159606e-06
miR-1322	96.1631083360299	1.50951286858064	0.301519204636043	5.00635729124695	5.54697522083216e-07	2.07876935460312e-06
miR-7975	175.851572098942	1.19787174615815	0.240344252994998	4.98398331239931	6.22884539317782e-07	2.31185992477562e-06
miR-522-5p	225.533966738829	-1.04742376212834	0.211462225063863	-4.95324288681827	7.29867776088522e-07	2.68313296733495e-06
miR-22-5p	26.3576094898912	-1.50096985230706	0.304759461324459	-4.92509681498967	8.43185964894913e-07	3.0704696457494e-06
miR-4728-3p	101.644172191285	0.823104620398223	0.168869834441702	4.87419569705552	1.09252647882035e-06	3.94126374602482e-06
miR-6793-3p	287.21300964746	0.574788047342953	0.118518312893585	4.84978256363674	1.23596885816333e-06	4.41744425232449e-06
miR-663a	967.974174340118	-1.62426219504267	0.33605084519739	-4.83338226418866	1.34232679248867e-06	4.75356093486812e-06
miR-1273c	329.602164779011	1.49068667810288	0.309667925461618	4.81382331050504	1.48069735889996e-06	5.19590164123078e-06
miR-4634	330.656312772578	-1.12051125436947	0.233059388263474	-4.80783573113448	1.52573052142131e-06	5.30569352494257e-06
miR-210-5p	94.6831560285006	0.792007113213838	0.16484912801482	4.80443616991797	1.55188197640107e-06	5.34845038295368e-06
miR-6876-5p	166.881334430427	-1.08954067917491	0.227064688133153	-4.79837128411615	1.59961053076897e-06	5.46415632634357e-06
miR-605-3p	79.9814062120525	-0.943186711563482	0.199320249158372	-4.73201651887393	2.22300317312541e-06	7.52701074409132e-06
miR-6784-5p	48.2088265385412	1.22849605174134	0.259962181961894	4.72567218227693	2.29355398075174e-06	7.69836379626235e-06
miR-4516	14885.8882061511	1.11510293492036	0.236271796468496	4.71957699390094	2.3633558193835e-06	7.86427022656925e-06
miR-99b-5p	30.6943104413895	-2.21400985193773	0.469452617928558	-4.71615189133882	2.40347034740013e-06	7.92939789826027e-06
miR-1976	44.512378107918	1.61502082243743	0.343758570964329	4.69812525083197	2.62560407564399e-06	8.51666532099648e-06
miR-33a-5p	31.5950658068839	-1.76794510311302	0.376181073392576	-4.69971837543253	2.60520508182546e-06	8.51666532099648e-06
miR-221-3p	869.118634540218	-1.10051562964023	0.234842301563383	-4.68618993389998	2.78337976269636e-06	8.87921147438674e-06
miR-7855-5p	59.9905695456723	-1.29331550751049	0.275931299376231	-4.68709244088712	2.77113818383985e-06	8.87921147438674e-06
miR-1299	41.0670596075739	1.84800571020555	0.394996029532512	4.67854249672513	2.88921294349789e-06	9.14128029664086e-06
miR-5591-3p	65.9063918962127	1.86765034602598	0.399877416233838	4.67055720129449	3.00383820796682e-06	9.42667925426985e-06
miR-548d-5p	143.679862723241	1.56538586777182	0.336267015928116	4.65518707938473	3.23686666045897e-06	1.00760526688481e-05
miR-4449	56.3263491532408	-0.868454667316362	0.186888336248423	-4.64691743074837	3.36931947657997e-06	1.0404458543679e-05
miR-5000-5p	88.0584937648415	-1.01499123439745	0.218995160085329	-4.63476559939485	3.57342159859254e-06	1.09471487067994e-05
miR-6089	4217.42777712834	-1.0266121867136	0.222127550440948	-4.62172380092277	3.80564477714753e-06	1.1566762865976e-05
miR-193a-5p	31.1207378984524	-1.43048185056761	0.309635614996688	-4.61988796276845	3.83947314383192e-06	1.15784111993681e-05
miR-99a-5p	45.8060865895916	-1.93209366338788	0.421963483062213	-4.57881722220741	4.67612580578198e-06	1.39921283800918e-05
miR-3674	66.5544795710478	1.78007849949208	0.390503403914942	4.5584199309049	5.15399064612555e-06	1.53033876108035e-05
miR-1914-5p	70.5025047786955	1.43076291541676	0.314906890423845	4.54344747265151	5.53416004009608e-06	1.63067616448633e-05
miR-1273a	88.8206205545488	1.42529262133168	0.314590388082646	4.53062990900167	5.88080795681017e-06	1.71969081161267e-05
miR-4292	48.2157831702488	1.2175942162031	0.269510483583375	4.51779908526797	6.24857316701835e-06	1.81349567102939e-05
miR-342-3p	19.1701077244764	-2.3622886166251	0.525217444881138	-4.49773449006384	6.86813926037077e-06	1.97843414515158e-05
miR-4417	423.491954641721	-1.57685734563215	0.351190025107503	-4.49004024288406	7.12097187118934e-06	2.03607047576228e-05
miR-3615	67.4654248252923	-0.829636991933429	0.184858606301929	-4.48795438054091	7.19103219281018e-06	2.04098413707701e-05
miR-766-3p	57.7712296185234	1.10720339550323	0.248377015986582	4.45775302962429	8.28232455868037e-06	2.33356005813914e-05
miR-7155-3p	88.4181156494721	-0.909247616289237	0.204150226412969	-4.45381635017121	8.4357263195836e-06	2.35955823141976e-05
miR-1913	76.9548319687671	0.894235036899018	0.203651169732026	4.39101350645664	1.12823531276393e-05	3.13308511314299e-05
miR-5096	24586.7273783961	1.26452404976071	0.29039899463967	4.35443673394854	1.33409501578347e-05	3.67829054351729e-05
miR-1254	81.5808130576557	1.18847644399466	0.274708517520626	4.32631814521522	1.51622386912893e-05	4.15079725875012e-05
miR-4792	5169.34109886511	-1.4732472646754	0.341735246692689	-4.31107788539072	1.6246066526529e-05	4.41618428115507e-05
miR-6775-3p	53.076395285606	0.987529787045481	0.229748753392577	4.29830313533003	1.72110671813451e-05	4.64578456783161e-05
miR-6510-5p	2038.26443481173	-1.13604543060518	0.266825617244189	-4.25763254045251	2.06603173825368e-05	5.49991897217875e-05
miR-6788-3p	105.588768031005	-0.624232923458043	0.146594131694235	-4.25823950961463	2.0604312852629e-05	5.49991897217875e-05
miR-5100	123.195257660025	1.08184076404118	0.25496042749717	4.24317128215198	2.20383097800877e-05	5.82656683226976e-05
miR-6165	106.921952953209	0.756607788435503	0.179888541688389	4.20598099986899	2.59952073428731e-05	6.82595240431906e-05
miR-6729-5p	536.589370471676	-1.06459186956798	0.253211849595714	-4.20435248693037	2.61830631471098e-05	6.82882592890836e-05
miR-561-3p	166.083686369654	-0.916438698024537	0.219090385562914	-4.18292521449497	2.87782079724482e-05	7.45529414588254e-05
miR-652-3p	18.8608339176222	-2.22188111144849	0.53499078627526	-4.15312033113276	3.27972162066967e-05	8.43981697052328e-05
miR-4690-5p	71.5314320894066	0.732578241611553	0.176470523571449	4.15127822361194	3.30623547223498e-05	8.45170127339539e-05
miR-193a-3p	44.5773160645341	-1.56210517840894	0.380625229726076	-4.10405053688411	4.05978718673425e-05	0.000102849153751893
miR-2392	72.6495668763529	-1.23719024881509	0.301526377920926	-4.10309126964519	4.07666334819681e-05	0.000102849153751893
miR-1273d	2041.05972021722	1.17671900843452	0.287642542763341	4.09090740587239	4.29688672813989e-05	0.000107701186822208
miR-106a-5p	24.6686758345149	-1.77320965489945	0.43881595732408	-4.04089601871491	5.32473654528836e-05	0.000131753096569315
miR-193b-3p	187.343247259001	-1.14363814365652	0.282970665442183	-4.04154311143673	5.31006161069234e-05	0.000131753096569315
miR-4496	72.5070729472927	1.17075229499551	0.290620830618233	4.02845278676337	5.61451328600664e-05	0.000137337453587963
miR-7155-5p	85.1071258744812	-0.796087913623124	0.197630815759623	-4.0281567961112	5.62158488779744e-05	0.000137337453587963
miR-548ay-5p	74.5436187192934	1.35906664292513	0.337638064614006	4.02521748985513	5.69226812884147e-05	0.00013818965394546
miR-3192-3p	67.4658533323847	-0.733425070794986	0.183199852859161	-4.00341517391295	6.24345937680536e-05	0.000150623457465429
miR-4486	146.018265365071	0.565037303080301	0.141420344722993	3.99544566368486	6.45726664580563e-05	0.000154687406628208
miR-4795-3p	62.09738050869	-0.943760569054098	0.236284386414808	-3.99417237581363	6.49206214346367e-05	0.000154687406628208
miR-6738-5p	47.118285111131	-1.34251985135154	0.338835414546195	-3.96215918914375	7.42749885612965e-05	0.000175890463709573
miR-1304-3p	68.281667610611	1.16516507387272	0.297233637155427	3.92003100666377	8.85375766931697e-05	0.00020838722319246
miR-3151-5p	358.286126426003	-0.90706416389821	0.231874911928168	-3.91186849994021	9.15847787267154e-05	0.000214252876294013
miR-26b-5p	78.2564158601954	-2.42182168186686	0.62109923281086	-3.89925080233413	9.64907877306278e-05	0.00022437014496399
miR-34b-3p	221.268558350842	-0.830486823785958	0.213128207905883	-3.89665371818216	9.75309131895103e-05	0.000225430733479946
miR-22-3p	690.942011048706	-1.03293605607198	0.265564961911826	-3.88957959150854	0.00010041803126091	0.000230684515113391
miR-301a-3p	34.0880434074333	-1.70585029640651	0.438727318363823	-3.88817888698671	0.000100999178896795	0.000230684515113391
let-7i-5p	128.720258879504	-1.57465699890768	0.405552191738534	-3.88274809256336	0.0001032825511542	0.000234512145561889
miR-100-5p	44.4119875950313	-1.6338915195523	0.42114957210929	-3.87959914424015	0.000104628748638948	0.000235265061628014
miR-1281	759.334169924605	-0.852647185020678	0.219804032379936	-3.87912439907771	0.000104833136269478	0.000235265061628014
miR-1538	45.602905723076	0.796749788174487	0.206552333903408	3.85737489922083	0.000114611304907908	0.000255722333493945
miR-561-5p	133.590164054701	-0.850639436073549	0.221353550904332	-3.84289943666272	0.000121589298924755	0.000269732582672158
miR-3667-3p	91.0010461629443	-0.877152281668794	0.228628882205907	-3.83657687167807	0.000124761156015129	0.000275187464124798
miR-30e-5p	32.4573294627349	-1.59303296958405	0.415750086693513	-3.83170808755217	0.000127256676756373	0.000279097029704318
miR-224-5p	24.6833316106441	-1.88451297358654	0.492901337847477	-3.82330667191186	0.00013167384101236	0.000287153122207746
miR-6840-3p	39.6333334925619	1.19146110562086	0.312016295102181	3.81858615823469	0.000134218708098818	0.000291058546776089
miR-1228-3p	48.544667464855	0.924179574350472	0.242175008023187	3.81616411162454	0.000135542372130572	0.000292286903030173
miR-4284	49.2940120531091	1.33949373122575	0.351428363875445	3.8115697789849	0.000138087062067635	0.000294484010818272
miR-6781-5p	101.10965879828	-0.893360390912435	0.234337890229415	-3.81227461780868	0.000137693767864209	0.000294484010818272
let-7d-5p	16.8663860257683	-2.42504707063891	0.640522681312933	-3.7860440252765	0.000153064567972388	0.000324631446359021
miR-4757-3p	71.9602384527391	-0.843072566746097	0.223142401353864	-3.77818183200929	0.000157977518577473	0.000333220339731719
miR-4746-3p	63.0724174935714	-0.822710707787735	0.21794506494484	-3.774853576042	0.000160101676593978	0.000335865473724323
miR-548ak	161.443654999317	-0.851283310776128	0.225857238483592	-3.76912122228914	0.00016382331421128	0.000341815131273266
miR-4299	68.2924818501816	-0.666510493420963	0.178372215942973	-3.736627309906	0.000186505040249536	0.000387048094281295
miR-6504-3p	151.105747017522	-0.806847072460528	0.216347215640076	-3.7294081648956	0.000191930039860999	0.000396176445916286
miR-130b-3p	136.291988048228	-1.59832358882266	0.429351078081043	-3.72264952953249	0.000197143083943845	0.000402630848689545
miR-7847-3p	92.5129396092589	-0.739340013918898	0.1985631680244	-3.72344992918348	0.000196518849635099	0.000402630848689545
miR-205-5p	8272.16297943351	-1.28266659985795	0.34535726135717	-3.71402817713282	0.000203986066598128	0.000411830913339153
miR-3151-3p	2172.24794130758	-0.829812639039749	0.223569956278625	-3.71164647009007	0.000205915456669576	0.000411830913339153
miR-4797-5p	141.576124403184	-0.691558227899277	0.186313104347704	-3.7118066940083	0.000205785125436608	0.000411830913339153
miR-8071	42.2860669168275	1.00930513193452	0.271780594564806	3.71367622309712	0.000204270106718441	0.000411830913339153
miR-197-3p	39.3928482553405	-0.796324693795214	0.215125210770855	-3.7016800166831	0.000214176618580946	0.000426145230784768
miR-186-5p	59.3906312857517	-1.51892319697275	0.411869156380037	-3.68787799096861	0.000226132027083399	0.000447625448483035
miR-200c-3p	50.2227090142597	-2.27694281776796	0.617856577863476	-3.68522873972069	0.000228497331669465	0.000449999847063334
miR-187-3p	178.511201101729	-0.706443294146138	0.192302717501443	-3.67360016189493	0.000239156867686727	0.000468601781355719
miR-940	66.2646808586841	-0.928646254054714	0.252945561275418	-3.67132852370382	0.000241292944064744	0.000470399375802986
miR-523-3p	142.636954237541	-0.861842399974781	0.236258911583361	-3.64787255726729	0.000264420731916664	0.000512896495074535
miR-34c-5p	116.767728142426	-0.819299510453067	0.225257892880427	-3.63716227643118	0.000275658273508067	0.000532020467870568
miR-6791-5p	40.4673794761522	1.14912106058792	0.316434844904646	3.63146182884566	0.000281820345623098	0.000541207230898088
miR-30c-5p	44.6536953351497	-2.05151235723899	0.566399337131227	-3.6220246436547	0.000292306266941474	0.000558565440789152
miR-3652	52.695122789144	-0.875497915595649	0.242569627211214	-3.60926438178231	0.000307066535445933	0.000583880210256799
miR-92b-3p	65.3212491282474	-1.54909657492279	0.430553871982309	-3.59791579109625	0.000320777434343246	0.000606961223806338
miR-6777-3p	268.070992265122	-0.581465796945402	0.161677650764393	-3.59645129797657	0.000322587945940923	0.000607409498210713
miR-7150	56.5492289069785	-0.986162693846029	0.275324128030259	-3.58182445142493	0.000341203047178898	0.000639341632092497
miR-130a-3p	291.930468765819	-1.26524732965148	0.356528565662106	-3.54879651032113	0.000386996019521241	0.000714739059977028
miR-365a-3p	44.3152688866948	-1.95052448895103	0.549273858277759	-3.55109652417626	0.000383629695032888	0.000714739059977028
miR-6829-3p	213.705468449956	-0.526076949976324	0.148188369447268	-3.55005559436652	0.000385149806454053	0.000714739059977028
let-7c-5p	148.927273864333	-1.70510196068479	0.481480315462087	-3.54137418691429	0.000398048640034357	0.000731651309777438
miR-200a-3p	39.3645184216485	-2.11003209250263	0.600299426702796	-3.51496602968987	0.000439810243445041	0.000804581772368654
miR-3173-3p	1130.27304332715	-0.770994791801332	0.220007957776034	-3.50439502095736	0.000457645962880768	0.00083326104562253
let-7g-5p	53.1560368710365	-1.85922452305736	0.532390767151086	-3.49221781776268	0.000479027441691226	0.000868096678370015
miR-125b-5p	323.409371170173	-1.23421736591009	0.354396927677949	-3.48258483502333	0.000496597847331444	0.000891566367767151
miR-3135b	2022.33318997765	-0.41944998435376	0.120418543781225	-3.48326737047918	0.000495333398626955	0.000891566367767151
miR-29b-3p	219.828911190521	-1.6813554754354	0.483337615888538	-3.47863567859187	0.000503973240881094	0.000900618847130103
miR-5008-3p	124.270961734938	-0.609222096228721	0.17592072306525	-3.46304906899886	0.000534090986051229	0.00095004203048744
miR-25-3p	100.553977981044	-1.37562606059209	0.39899709402487	-3.44770947255658	0.000565361816043594	0.00100105349079279
miR-4734	251.856895364152	0.376674585067778	0.110102970280902	3.42111192919483	0.000623656594202942	0.00109923034412025
miR-103a-3p	49.0517424606834	-2.00446160691526	0.589907043617405	-3.39792790847788	0.000678983099859441	0.00119130671157157
miR-30d-5p	70.1581205663119	-1.69626128159975	0.499607201544457	-3.3951898138298	0.000685810360145802	0.00119784071953068
miR-135b-5p	28.9059833457654	-2.11213446606675	0.622682924780626	-3.39199034052663	0.000693868863163158	0.00120645667198639
miR-106b-5p	54.5889247844227	-2.01461207715312	0.595907983018103	-3.38074356203401	0.000722899748080565	0.00125129732178968
let-7f-5p	36.7318995757626	-1.91412291066471	0.566638812285809	-3.37803000635128	0.000730071137654287	0.00125247759615358
miR-191-5p	43.9955235712667	-1.70507620740719	0.504581528414092	-3.37918871657129	0.000727000849533816	0.00125247759615358
miR-6789-3p	45.8751012966149	0.955523953169985	0.283683682757343	3.36827252058525	0.000756407883232421	0.00129191788906068
miR-6805-3p	545.784904864671	-0.582000982700896	0.174769903564602	-3.33009843703303	0.000868152865515991	0.00147624231757345
miR-5000-3p	1203.25351127222	-0.712253249350197	0.214170837594495	-3.32563133874817	0.000882185266217867	0.00149352417877235
miR-6753-5p	270.990637774789	-0.887951532059346	0.268847299586162	-3.30280993495629	0.000957212428780956	0.00161346723803253
let-7b-5p	202.708159196747	-1.51226149578584	0.461416890501048	-3.27742986205748	0.00104756752854252	0.00175803068985756
miR-1224-5p	38.9990650338942	0.956230472117975	0.291870520817449	3.27621463599625	0.00105208572372305	0.00175803068985756
miR-4252	40.7234861516128	0.691720388158914	0.211650072808769	3.26822655423275	0.0010822369795598	0.00180061842288829
miR-4681	91.142956382049	-0.980775356706757	0.301385947955212	-3.25421726978627	0.00113705279877124	0.00188370120311458
miR-7-5p	174.453020450128	-0.927699743553017	0.28660962181462	-3.23680600001997	0.00120875555146151	0.00199393009771001
miR-6131	6218.634927255	0.982798167979111	0.304114217557114	3.23167451976998	0.00123067147427682	0.00202144335774832
miR-152-3p	33.8053879877323	-1.47622561047343	0.458552793017147	-3.21931440164236	0.00128497512931089	0.0021016966098051
miR-4281	6256.51921463824	-0.640755073872963	0.200051936721462	-3.20294361741223	0.00136030610691015	0.00221551965091695
miR-548at-3p	1483.93638203422	-0.748124507158071	0.234895407938665	-3.18492606442702	0.00144790995671441	0.00234829093820068
miR-1292-3p	128.257551775219	-0.571695311499666	0.180172926392877	-3.17303672058395	0.00150853443444925	0.00243637778952891
miR-376c-3p	203.054753615764	-1.12632032797366	0.356129483899284	-3.16267082309924	0.00156328988671565	0.00251429123446767
miR-187-5p	172.218645307006	-0.682728907371126	0.21610650792079	-3.15922418968229	0.00158189751726656	0.00253366158367176
miR-3176	34.0064472741679	-1.64723969616922	0.522217092303785	-3.15431976556406	0.00160872712197511	0.00255542662173823
miR-345-5p	57.3114781735586	-0.649625301392504	0.205872729339467	-3.15547038928758	0.001602395305809	0.00255542662173823
miR-324-3p	49.3127632241536	-0.845963711160935	0.268479748204263	-3.15094049670113	0.00162745642269749	0.00257458270148045
let-7e-5p	18.2383034098212	-2.04741876308633	0.650780195906864	-3.14609875340974	0.00165464126522086	0.00258579566143827
miR-200b-3p	53.8552262511473	-1.86932140170867	0.594047765827137	-3.14675268428267	0.00165094540604672	0.00258579566143827
miR-582-3p	134.209168690273	-0.825518948341009	0.262336690561908	-3.14679180625784	0.00165072453909786	0.00258579566143827
miR-1273f	4691.38576119131	0.88181894745662	0.281834004533752	3.12885930466568	0.00175486313214389	0.00273135955244976
miR-548j-3p	80.0071920028944	0.846833808736091	0.271497592569551	3.11912087588458	0.00181391530183065	0.00281193295785796
miR-6862-3p	58.8685283700628	0.592852091084285	0.190157680396223	3.11768680522914	0.00182276391223354	0.00281434748048858
miR-1286	1154.23743641756	-0.605505746663962	0.194305047287917	-3.11626360259564	0.0018315846645124	0.00281669992231788
miR-30b-5p	58.2648363231239	-1.78355618148345	0.572773961774179	-3.11389186749838	0.00184637143824439	0.00281699357771674
miR-93-5p	112.216629701049	-1.56284791741006	0.501736920495658	-3.11487525348174	0.00184022717882241	0.00281699357771674
miR-6870-5p	44.9903362337983	0.714993193515142	0.229794882879493	3.11144088395603	0.00186176746553081	0.00282930016415312
miR-5739	874.731578671051	-0.944820701154164	0.304042370782855	-3.10752971278779	0.00188658019736953	0.0028557645340574
miR-1245a	540.831699612522	-0.746090653868637	0.240273858512739	-3.10516782177982	0.00190171091832727	0.00286742349404034
let-7a-5p	98.7578798633811	-1.56722374822308	0.504969689166019	-3.10359964537955	0.00191181843168877	0.0028714471386454
miR-27b-3p	72.7620143787511	-1.89344938805952	0.610546430663055	-3.10123733915408	0.00192713758716625	0.00288323685521772
miR-4640-5p	377.114380094787	-0.533703710252518	0.172446767551647	-3.09488961625607	0.00196886156015135	0.00293428788501321
miR-3173-5p	2196.26431417396	-0.714891796148573	0.23153733566271	-3.08758755516642	0.00201788318806591	0.0029957804253594
miR-1245b-5p	324.909001600565	-0.846705835105855	0.274389176601164	-3.08578437966807	0.00203015983982206	0.0030024586136832
miR-101-3p	67.4172819374025	-1.76104258210742	0.57308187502691	-3.07293365721038	0.00211965605552957	0.00312285205127639
miR-3665	644.84066256913	-0.683516431096262	0.223998721261236	-3.05143005838466	0.00227754102998841	0.00334270280446968
miR-6743-3p	214.441748140138	-0.454897345650415	0.149456707040791	-3.0436730117857	0.00233709013066869	0.00340421430354005
miR-7158-5p	1472.24378996449	-0.624737203645924	0.205227074741875	-3.04412663110698	0.00233356892305215	0.00340421430354005
miR-148a-3p	46.9121052019948	-1.77000031974496	0.584055293296729	-3.03053553329533	0.0024412046025393	0.00353779762863543
miR-548at-5p	1568.08151721213	-0.652440078109469	0.215340727951726	-3.02980343902121	0.00244712944778668	0.00353779762863543
miR-6775-5p	48.4090893391757	0.748740675058034	0.248033887997971	3.01870313408206	0.00253859151839049	0.00365632957499525
miR-19a-3p	414.358711984328	-1.1896220969178	0.395150897290823	-3.01055142497188	0.00260773785744865	0.00374195841254713
miR-708-5p	41.0699742634955	-1.36931841185813	0.455878284472104	-3.00369299986238	0.00266724316604823	0.00381316985960969
miR-15a-5p	29.2418490242022	-2.00497770480502	0.672338848929125	-2.98209408544289	0.00286284003899608	0.00407769835812726
miR-6512-5p	11195.2600798806	-0.590374069536935	0.198189364519668	-2.97883829925873	0.00289343428107734	0.00410612364888181
miR-125a-5p	160.490240818081	-0.947265775027189	0.318576670291426	-2.97343108696771	0.00294490526936128	0.0041638587325035
miR-6512-3p	4507.57806078967	-0.650902840569305	0.219122447500658	-2.97049822139902	0.0029731712712449	0.00418848215584136
miR-23b-3p	550.506847469307	-1.67319650579517	0.567068620146535	-2.95060676318643	0.0031715041466969	0.00445163854772729
miR-877-3p	53.592434652961	0.538699270352515	0.182652640323662	2.94931006416296	0.00318484270507758	0.00445416407304328
miR-15b-5p	26.723275132861	-2.09578616487969	0.71170594908852	-2.94473604943693	0.003232302811435	0.00450421980221629
miR-6727-3p	517.30881758032	-0.587338553833088	0.19979892210065	-2.93964826065083	0.00328585026047368	0.0045460150557091
miR-6730-3p	1092.67794663249	-0.512961952001619	0.174485212125593	-2.93985917633176	0.00328361447829265	0.0045460150557091
miR-141-3p	91.6683608543149	-1.77097372588601	0.603362067395333	-2.93517577850255	0.003333587850713	0.00459558896562578
miR-107	31.5562780520139	-1.67719787974664	0.574668116429442	-2.9185504324957	0.00351662985259459	0.00483067303594843
miR-1469	68.338998872971	-0.538021649730457	0.184621417651437	-2.91418870342678	0.00356614272584297	0.00488131592969995
miR-27a-3p	102.345689829319	-1.99228196952507	0.685262795089566	-2.90732545791381	0.00364533712968073	0.00497208527228537
miR-30a-5p	59.7339516164501	-1.48198821321369	0.51044154406668	-2.90334560429136	0.0036919896337352	0.00501798591064009
miR-6796-3p	43.9033372976878	0.718390832843783	0.247550316396264	2.90199925131109	0.00370789426460245	0.0050219199513563
miR-23a-3p	1080.08185957357	-1.60942188118506	0.555216577227895	-2.89872807692566	0.00374679688453163	0.00505686572527695
miR-21-5p	1552.29414845652	-1.7483169272016	0.605067061994583	-2.88945975911882	0.00385904395402659	0.00519021242597304
miR-92a-3p	184.545258072739	-1.48010511565699	0.512709964600745	-2.88682728608478	0.00389147782457476	0.00521566125099257
miR-17-5p	91.1958740703646	-1.71828165701704	0.598039804996615	-2.87318944769364	0.00406350363423525	0.00542737855645261
miR-4640-3p	682.482919339598	-0.680428206452591	0.236965168717013	-2.87142709680328	0.00408623023572304	0.00543891334823825
miR-4481	102.00545601935	-0.617000843433876	0.215422040621751	-2.86414909845385	0.00418131145407717	0.00554634440300271
miR-148b-3p	27.3245999422472	-1.45205951212535	0.507365038717408	-2.86196210088909	0.00421027248906549	0.00556563418075096
miR-3200-3p	236.012654226942	-0.503735336059246	0.176404013625814	-2.85557752176639	0.00429586341415354	0.00565939685277565
miR-2861	1399.86943635472	-0.754661852150722	0.264551442499201	-2.85260909946844	0.00433619249573024	0.00569309626990433
miR-31-5p	799.401637837313	-1.1761476389975	0.412987943874514	-2.84789824120114	0.00440089938233122	0.00575846495450797
miR-548e-5p	58.8022245205448	0.914409465415545	0.325123854922063	2.81249576606658	0.00491586706734712	0.00638897201345451
miR-6812-3p	995.799809509247	-0.472432437752945	0.167919171837963	-2.81345145156403	0.00490127865512969	0.00638897201345451
miR-615-5p	102.762196635306	-0.551996598219455	0.19668289343328	-2.8065307998263	0.00500781248350278	0.00648662959272507
miR-151a-3p	57.9763027546365	-0.968239991700944	0.345853047143045	-2.79957051036326	0.00511706395940152	0.00660597554625079
miR-548b-5p	35.9977327726958	0.960572717864896	0.345919843573329	2.77686503307311	0.0054885964977441	0.00706199416043074
miR-4271	2013.03372955336	-1.10609564386187	0.399940482717182	-2.76565061967996	0.00568093634019115	0.00728518746615875
miR-1303	33.1060495428626	1.00760196053572	0.366035842060615	2.75274124758762	0.00590985856413789	0.00755366028396432
miR-4512	51.3558305722967	0.938016462337082	0.341588266335027	2.74604415544263	0.00603186447514017	0.0076588805506714
miR-6090	11159.0408959129	-0.792917212736201	0.288684000329133	-2.74666144238054	0.00602052470676835	0.0076588805506714
miR-1199-5p	386.30980003405	-0.468311035245744	0.172760545748134	-2.71075223349022	0.00671307680975709	0.00849589392972536
miR-6891-5p	313.295440524559	0.740874282258457	0.274152149329875	2.70242011258864	0.00688367241973747	0.00868332533993027
miR-197-5p	76.0772455865663	-0.300072809516184	0.112600171593297	-2.66494096119164	0.00770018398665231	0.00968166455650746
miR-2277-5p	70.1941651385829	-0.739237225346162	0.277704423560145	-2.66195696802092	0.00776878095821383	0.00973619951256668
miR-20a-5p	46.8778100830393	-1.92835983996847	0.726948032616093	-2.65267908220182	0.00798557544131	0.00997550848008305
miR-1227-5p	3675.3747220764	-0.435775645005871	0.168376519356653	-2.58810222868913	0.00965063350206329	0.0119779566938792
miR-6836-3p	346.774192741107	-0.413806906375409	0.159849778092075	-2.58872368366412	0.00963323591737028	0.0119779566938792
miR-19b-3p	601.014059874621	-1.18522398778283	0.460768735255238	-2.57227519381559	0.0101032547259868	0.0124995395007401
miR-4787-3p	759.923189715798	-0.55027676972606	0.217671822816863	-2.5280110333299	0.0114710747018644	0.0141464371722673
miR-222-3p	197.098034880432	-1.32039148871786	0.524610736368602	-2.5168975722032	0.0118393242237071	0.0145540737272322
miR-26a-5p	142.378015410622	-1.63160679221283	0.656736487710357	-2.48441623504316	0.0129764033056452	0.0159012434158065
miR-6746-3p	419.794222721387	-0.48622050467021	0.195807155471694	-2.48316004335448	0.0130222566061422	0.0159069337024396
miR-6124	157.135209270142	0.628380071748465	0.254620979987866	2.46790375160135	0.01359068569054	0.0165489106515723
miR-4316	4507.43042548722	-1.13457478359726	0.464484978685561	-2.44265118499198	0.0145798214584482	0.0176975191288082
miR-7851-3p	36.3016261749261	0.757429699247704	0.310265980419822	2.4412270343749	0.014637449346372	0.0177117725633216
miR-16-5p	99.3647130872223	-1.87694938629928	0.772830888355643	-2.42866766142445	0.0151544164602656	0.0182800148551954
miR-29c-3p	78.313762833508	-1.38832112716383	0.574885771677929	-2.41495127477536	0.0157373147659012	0.0189239984412395
miR-20b-5p	46.8888647904982	-1.66663472290892	0.691426887572348	-2.41042799009538	0.0159338164170607	0.0191007861397064
miR-4638-3p	708.961847695904	-0.525128350426922	0.219877463418106	-2.38827728073417	0.0169275649186168	0.020229226187573
miR-6077	190.779313900361	-0.46789916215718	0.198418552426359	-2.358142202105	0.0183666557723326	0.0218812627411123
miR-548w	38.6511432024587	0.632649085147701	0.269540176137543	2.347142063248	0.0189180401599423	0.0224688107745776
miR-148a-5p	4324.69959347926	-0.479708636148816	0.205341349787054	-2.33615215175263	0.0194833130552915	0.0230691988936888
miR-34a-5p	26.236721400751	-0.958839843979446	0.41770633916634	-2.29548789202745	0.0217051795163888	0.0256070939779171
miR-6511a-3p	52.6951595935573	0.309411742936066	0.134846852895712	2.29454181756365	0.0217593959190591	0.0256070939779171
miR-29a-3p	178.653722934061	-1.19761457714043	0.526101578987977	-2.27639418882603	0.0228224271802626	0.0267764647160528
miR-6890-3p	54.2291491105882	-0.373634096681628	0.17236246470549	-2.16772310212693	0.0301797606540043	0.0353011745831686
miR-6763-5p	74.5379419060827	0.443699748950785	0.205461804768318	2.15952424564316	0.0308095184075974	0.0359289247895245
miR-6892-3p	52.2614705578752	0.546394709910007	0.255811494234853	2.13592712690376	0.0326853541092428	0.0380016466450835
miR-6727-5p	78.8002078633341	-0.369356298250881	0.173529675927788	-2.12849068193145	0.0332964217145363	0.0385958521976306
miR-4783-5p	54.2812334844524	-0.449222390496227	0.216355956400051	-2.07631163925802	0.0378651375101061	0.0437603086194639
miR-6846-5p	1029.26226634718	-1.0149253493752	0.491051002643835	-2.06684304463448	0.0387489459772641	0.0446480392454447
miR-4695-5p	42.7914305428107	0.495842477823112	0.242542301954294	2.04435462938977	0.0409185260224279	0.047007592394813
miR-762	2257.13612074529	-0.403016572105767	0.202658568668161	-1.98864807323138	0.0467400612491441	0.0535360938936784
miR-6802-5p	62.9537175359911	-0.75369524933485	0.380300993760362	-1.98183875851183	0.0474972899972607	0.0542424672749782
miR-1181	1484.81741729233	-0.324095696716937	0.165106875146063	-1.96294488906185	0.0496525780581622	0.056536563806639
miR-7107-5p	76.4654114085888	-0.402836898923623	0.20559445539573	-1.95937627864643	0.0500687366006396	0.0568427421407262
miR-4632-5p	130.121982950338	-0.503958287359738	0.258727155959042	-1.94783684569824	0.0514344884691026	0.0582220309356997
miR-1470	1179.58898967555	0.276505061933389	0.142121007183797	1.94556081055491	0.0517075183714885	0.0583599476356566
miR-4741	370.667594548859	-0.54082903691167	0.278339687190553	-1.94305397972735	0.0520096365824494	0.0585297951044474
miR-6845-3p	525.128403828147	0.265713570245022	0.138564972229897	1.91760995559664	0.0551604868308074	0.0618951974322432
miR-128-3p	33.1253256158268	-1.14414813993034	0.637205713349444	-1.79557106278312	0.0725627614991081	0.0811861621410311
miR-8089	68.8168867747974	-0.221534480620628	0.13408713920632	-1.65216800009248	0.0985003078394089	0.109887626664774
miR-24-3p	447.110731138076	-0.945513948695298	0.582436302646644	-1.62337743097193	0.104508746258234	0.116254686039419
miR-1238-3p	62.708750601595	0.244010919636795	0.167317312372776	1.45837221609889	0.144737974616505	0.160542695982675
miR-6819-3p	57.9630429961945	0.263273416733998	0.181536852579695	1.45024777610056	0.146989436506499	0.16257284381521
miR-4674	78.6811789948513	-0.18202757247701	0.126843027272895	-1.4350617167579	0.151269511523348	0.166828661280035
miR-3194-3p	128.21907659735	-0.794399470499518	0.57735296897708	-1.37593381031189	0.168842126421342	0.185150740905222
miR-7110-5p	43.5838051920288	0.337108113376158	0.24499590771783	1.37597446633442	0.168829538588087	0.185150740905222
miR-6872-3p	60.6770137548857	-0.246096685485733	0.187607733545925	-1.31176194517317	0.189600468622757	0.207325158324035
miR-7977	452.797543549335	-0.34487287526161	0.27142977457396	-1.27057864526074	0.203878587993691	0.222308290863177
miR-6804-3p	192.082868549571	0.151844698137629	0.121715871689908	1.24753408104803	0.212201731834372	0.23073202391005
miR-6880-3p	749.636009333891	-0.182510975843402	0.149511953054483	-1.22071160274988	0.222195233115807	0.240919550513207
miR-3656	7400.36068519598	-0.306471543317948	0.253274569470717	-1.2100367753399	0.226264781757113	0.244644834056711
miR-6792-3p	62.7212659451626	-0.191297317574267	0.158801117647332	-1.20463457945619	0.228344401374947	0.24620374002997
miR-3940-5p	178.643183012161	-0.350105975472625	0.294616463081074	-1.18834491396457	0.234697549449576	0.252348897179767
miR-6756-3p	256.948777586064	-0.120152673129405	0.101501184905744	-1.18375635950439	0.236509521875021	0.252888297628138
miR-6803-5p	185.248280269499	-0.194513575855035	0.16412203199693	-1.18517650243737	0.235947668385713	0.252888297628138
miR-3141	235.936531636912	0.175824261303814	0.164644975391447	1.06789934454901	0.285565918224988	0.304498465289628
miR-6749-3p	901.48246581338	-0.172034765221331	0.165969226857487	-1.0365461626754	0.299947414959477	0.318952347587764
miR-1229-5p	44.4559263836479	0.17478495122542	0.170518743338208	1.02501899676067	0.305354224219023	0.323809699309184
miR-8069	260.415324886479	-0.205398682329917	0.205518958702074	-0.999414767508957	0.317593808996913	0.335866329514543
miR-5196-5p	74.6487067396433	0.179735373805174	0.181001626405298	0.993004192143063	0.320707911526154	0.338232934013922
miR-4478	109.844787425922	0.204429687179894	0.20820602762387	0.981862482623229	0.326167600921229	0.343053662004344
miR-6749-5p	88.9009010607243	-0.110947792736669	0.133824194631021	-0.829056308110604	0.40707254556774	0.426983702687901
miR-7108-3p	96.6747192817932	-0.0942126308764005	0.123891842007874	-0.760442571113061	0.446990084782591	0.467583123918916
miR-4466	24327.2719544555	-0.191290003491607	0.264306773278292	-0.723742343485822	0.469223932100132	0.489514696731489
miR-6882-3p	53.1200843427769	-0.124754027614496	0.189258449187575	-0.659172830328184	0.50978479181817	0.530396036770387
miR-1203	115.825877195503	-0.107304645309945	0.164900106494153	-0.650725142580483	0.515223930003726	0.534614077907092
miR-1207-5p	93.4493711170279	-0.0761444243091738	0.121839355549093	-0.624957543201158	0.531998923795565	0.550540441246885
miR-124-3p	4.0782343158523	-0.491007442170552	0.846896329968863	-0.579772783037806	0.562067853897859	0.580102116589768
miR-8078	61.2361802874984	0.188690754072606	0.350028570858017	0.539072435173144	0.589836874669575	0.607138756326549
miR-6756-5p	68.1518938769065	0.0840466740783746	0.159531077131971	0.526835746296926	0.598307657030736	0.614220094717724
miR-6860	211.783992351104	0.0890950813588237	0.170131983810066	0.523682139968984	0.600499639853269	0.61483517502218
miR-4286	241.255184600318	-0.119578876007372	0.266889347234091	-0.448046642725266	0.654119534823453	0.667963334502256
miR-4459	143.014642090727	0.0825560503953164	0.20472767294585	0.403248125704785	0.686765699038282	0.699450025933449
miR-4534	62.6429329166885	0.0738506153928913	0.246323536646281	0.299811444729865	0.764320985054315	0.77638921113412
miR-1229-3p	244.805097129224	-0.0317487992219947	0.123534144098281	-0.257004243270071	0.797175497417337	0.807637118118352
miR-4430	40.7448650588289	0.0391871455736872	0.216249597517222	0.181212571138156	0.856200727616442	0.86516618026164
miR-6771-5p	120.06694509413	0.0241882030261383	0.341593299709418	0.0708099457650789	0.943549016120927	0.950939739484798
miR-6821-5p	233.603211204431	-0.00668385535130603	0.189065806803333	-0.0353520050204456	0.971799055211886	0.976860508624448
miR-6087	1189.75056915196	-0.0018496753227324	0.357979685066385	-0.00516698404935854	0.995877361545288	0.995877361545288
miR-7113-3p	503.16416509111	0.00135115931487461	0.170636782834514	0.00791833561574458	0.993682148286602	0.995877361545288
