V3.sw1	V3.sw2	V3.sw3	V3.sw4
Barcode718	10.2858124650158	-0.475109792576169	-0.475109792576168	-0.475109792576169
Barcode657	10.4049596825873	-0.475109792576169	-0.475109792576168	-0.475109792576169
Barcode77	16.8088748040272	-0.475109792576169	-0.475109792576168	-0.475109792576169
Barcode253	11.5854697462269	-0.475109792576169	-0.475109792576168	-0.475109792576169
Barcode321	10.3849326356559	-0.475109792576169	-0.475109792576168	-0.475109792576169
Barcode988	10.3125640912638	-0.475109792576169	-0.475109792576168	-0.475109792576169
Barcode710	10.1967130844202	-0.475109792576169	-0.475109792576168	-0.475109792576169
NGGCATGTT	9.58757826460261	-0.475109792576169	-0.475109792576168	-0.475109792576169
Barcode914	10.1260807414596	-0.475109792576169	-0.475109792576168	-0.475109792576169
Barcode407	11.3744229978944	-0.475109792576169	-0.475109792576168	-0.475109792576169
Barcode422	11.9353563475101	-0.475109792576169	-0.475109792576168	-0.475109792576169
Barcode540	10.7247442167491	-0.475109792576169	-0.475109792576168	-0.475109792576169
Barcode738	12.9047797556965	-0.475109792576169	-0.475109792576168	-0.475109792576169
Barcode677	9.76075714536106	-0.475109792576169	-0.475109792576168	-0.475109792576169
CGACCCTGT	13.0127209785078	-0.475109792576169	-0.475109792576168	-0.475109792576169
Barcode242	10.6574695196931	-0.475109792576169	-0.475109792576168	-0.475109792576169
Barcode801	11.1919548603927	-0.475109792576169	-0.475109792576168	-0.475109792576169
Barcode633	11.7896801540077	-0.475109792576169	-0.475109792576168	-0.475109792576169
Barcode725	10.3257561560912	-0.475109792576169	-0.475109792576168	-0.475109792576169
Barcode589	10.8060652830427	-0.475109792576169	-0.475109792576168	-0.475109792576169
Barcode488	10.1793765388837	-0.475109792576169	-0.475109792576168	-0.475109792576169
Barcode714	10.2938901665692	-0.475109792576169	-0.475109792576168	-0.475109792576169
Barcode689	10.5536505152591	-0.475109792576169	-0.475109792576168	-0.475109792576169
Barcode977	11.0997392419375	-0.475109792576169	-0.475109792576168	-0.475109792576169
Barcode370	12.2986323763839	-0.475109792576169	-0.475109792576168	-0.475109792576169
Barcode947	9.62220724857086	-0.475109792576169	-0.475109792576168	-0.475109792576169
Barcode331	11.2415219010715	-0.475109792576169	-0.475109792576168	-0.475109792576169
Barcode248	10.9979316921135	-0.475109792576169	-0.475109792576168	-0.475109792576169
Barcode369	10.2613043985186	-0.475109792576169	-0.475109792576168	-0.475109792576169
Barcode968	11.3161273895405	-0.475109792576169	-0.475109792576168	-0.475109792576169
Barcode43	10.9007848823158	-0.475109792576169	-0.475109792576168	-0.475109792576169
CGATGCAGT	10.0197009184687	-0.475109792576169	-0.475109792576168	-0.475109792576169
Barcode371	18.4569335387997	-0.475109792576169	-0.475109792576168	-0.475109792576169
Barcode616	9.63498178306669	-0.475109792576169	-0.475109792576168	-0.475109792576169
Barcode212	9.925792064251	-0.475109792576169	-0.475109792576168	-0.475109792576169
Barcode570	10.1260807414596	-0.475109792576169	-0.475109792576168	-0.475109792576169
Barcode41	11.6318797320839	-0.475109792576169	-0.475109792576168	-0.475109792576169
Barcode267	10.1793765388837	-0.475109792576169	-0.475109792576168	-0.475109792576169
Barcode496	11.0671190563401	-0.475109792576169	-0.475109792576168	-0.475109792576169
Barcode264	10.0390529123438	-0.475109792576169	-0.475109792576168	-0.475109792576169
Barcode482	10.578110798848	-0.475109792576169	-0.475109792576168	-0.475109792576169
Barcode555	11.1271241134884	-0.475109792576169	-0.475109792576168	-0.475109792576169
Barcode674	10.7601588279845	-0.475109792576169	-0.475109792576168	-0.475109792576169
Barcode483	11.7074032408313	-0.475109792576169	-0.475109792576168	-0.475109792576169
Barcode615	11.9005134260465	-0.475109792576169	-0.475109792576168	-0.475109792576169
CTATGAAGT	9.89071454545833	-0.475109792576169	-0.475109792576168	-0.475109792576169
Barcode903	10.6236865429352	-0.475109792576169	-0.475109792576168	-0.475109792576169
Barcode662	10.1139650198973	-0.475109792576169	-0.475109792576168	-0.475109792576169
Barcode221	10.2502768407609	-0.475109792576169	-0.475109792576168	-0.475109792576169
Barcode747	10.7871147932929	-0.475109792576169	-0.475109792576168	-0.475109792576169
Barcode524	10.6986152931315	-0.475109792576169	-0.475109792576168	-0.475109792576169
Barcode275	10.7640406537572	-0.475109792576169	-0.475109792576168	-0.475109792576169
Barcode310	10.6279529312465	-0.475109792576169	-0.475109792576168	-0.475109792576169
Barcode413	13.0349801866354	-0.475109792576169	-0.475109792576168	-0.475109792576169
Barcode347	13.6701553445922	-0.475109792576169	-0.475109792576168	-0.475109792576169
Barcode688	9.93270637260497	-0.475109792576169	-0.475109792576168	-0.475109792576169
Barcode427	10.7890210831476	-0.475109792576169	-0.475109792576168	-0.475109792576169
Barcode611	10.3722730686381	-0.475109792576169	-0.475109792576168	-0.475109792576169
Barcode954	10.1048109860842	-0.475109792576169	-0.475109792576168	-0.475109792576169
Barcode462	10.5912800155116	-0.475109792576169	-0.475109792576168	-0.475109792576169
Barcode593	10.3440247082409	-0.475109792576169	-0.475109792576168	-0.475109792576169
Barcode449	10.3620648191428	-0.475109792576169	-0.475109792576168	-0.475109792576169
Barcode857	10.0986758683531	-0.475109792576169	-0.475109792576168	-0.475109792576169
CGATGATGG	11.1028078018451	-0.475109792576169	-0.475109792576168	-0.475109792576169
Barcode493	10.1647685574974	-0.475109792576169	-0.475109792576168	-0.475109792576169
Barcode613	10.2640481675526	-0.475109792576169	-0.475109792576168	-0.475109792576169
Barcode392	12.3987786406197	-0.475109792576169	-0.475109792576168	-0.475109792576169
Barcode835	10.1260807414596	-0.475109792576169	-0.475109792576168	-0.475109792576169
Barcode978	10.1822804691224	-0.475109792576169	-0.475109792576168	-0.475109792576169
Barcode938	10.309911140825	-0.475109792576169	-0.475109792576168	-0.475109792576169
CTGTGTTGT	10.7832946403336	-0.475109792576169	-0.475109792576168	-0.475109792576169
TGGTATGTT	10.3045905595263	-0.475109792576169	-0.475109792576168	-0.475109792576169
Barcode531	10.6448934256709	-0.475109792576169	-0.475109792576168	-0.475109792576169
Barcode497	10.0863268042568	-0.475109792576169	-0.475109792576168	-0.475109792576169
Barcode920	10.8079467128201	-0.475109792576169	-0.475109792576168	-0.475109792576169
Barcode478	11.8475334947566	-0.475109792576169	-0.475109792576168	-0.475109792576169
Barcode215	10.2613043985186	-0.475109792576169	-0.475109792576168	-0.475109792576169
Barcode430	13.2894680414636	-0.475109792576169	-0.475109792576168	-0.475109792576169
Barcode214	11.4510678387669	-0.475109792576169	-0.475109792576168	-0.475109792576169
Barcode552	11.5777712950039	-0.475109792576169	-0.475109792576168	-0.475109792576169
Barcode512	10.2938901665692	-0.475109792576169	-0.475109792576168	-0.475109792576169
Barcode358	10.2858124650158	-0.475109792576169	-0.475109792576168	-0.475109792576169
Barcode138	10.2558011560603	-0.475109792576169	-0.475109792576168	-0.475109792576169
Barcode673	10.1793765388837	-0.475109792576169	-0.475109792576168	-0.475109792576169
Barcode90	11.9249915430351	-0.475109792576169	-0.475109792576168	-0.475109792576169
Barcode617	10.3388286843388	-0.475109792576169	-0.475109792576168	-0.475109792576169
Barcode658	10.9780162914782	-0.475109792576169	-0.475109792576168	-0.475109792576169
Barcode906	10.4586422938439	-0.475109792576169	-0.475109792576168	-0.475109792576169
Barcode390	15.4360445298367	-0.475109792576169	-0.475109792576168	-0.475109792576169
Barcode722	11.9584084320149	-0.475109792576169	-0.475109792576168	-0.475109792576169
Barcode479	10.4222581569897	-0.475109792576169	-0.475109792576168	-0.475109792576169
Barcode649	13.9106339384744	-0.475109792576169	-0.475109792576168	-0.475109792576169
Barcode24	10.4729428521271	-0.475109792576169	-0.475109792576168	-0.475109792576169
Barcode279	11.0175759136985	-0.475109792576169	-0.475109792576168	-0.475109792576169
Barcode905	11.1043396377461	-0.475109792576169	-0.475109792576168	-0.475109792576169
Barcode721	10.185178565922	-0.475109792576169	-0.475109792576168	-0.475109792576169
Barcode403	15.2769639800003	-0.475109792576169	-0.475109792576168	-0.475109792576169
Barcode340	10.6194075004804	-0.475109792576169	-0.475109792576168	-0.475109792576169
Barcode39	9.93270637260497	-0.475109792576169	-0.475109792576168	-0.475109792576169
Barcode661	12.2329291362838	-0.475109792576169	-0.475109792576168	-0.475109792576169
Barcode460	11.7393025496564	-0.475109792576169	-0.475109792576168	-0.475109792576169
Barcode238	10.2335758283748	-0.475109792576169	-0.475109792576168	-0.475109792576169
Barcode666	10.9252584327981	-0.475109792576169	-0.475109792576168	-0.475109792576169
Barcode880	9.87644119829697	-0.475109792576169	-0.475109792576168	-0.475109792576169
Barcode461	14.6076257475995	-0.475109792576169	-0.475109792576168	-0.475109792576169
Barcode324	11.29078840834	-0.475109792576169	-0.475109792576168	-0.475109792576169
Barcode233	10.2081561140515	-0.475109792576169	-0.475109792576168	-0.475109792576169
Barcode341	11.443826032442	-0.475109792576169	-0.475109792576168	-0.475109792576169
Barcode302	13.2571254314027	-0.475109792576169	-0.475109792576168	-0.475109792576169
Barcode806	12.3375764095793	-0.475109792576169	-0.475109792576168	-0.475109792576169
Barcode244	10.6469970690736	-0.475109792576169	-0.475109792576168	-0.475109792576169
Barcode646	9.93270637260497	-0.475109792576169	-0.475109792576168	-0.475109792576169
Barcode701	10.2831098159514	-0.475109792576169	-0.475109792576168	-0.475109792576169
Barcode374	10.1909573526213	-0.475109792576169	-0.475109792576168	-0.475109792576169
Barcode700	9.925792064251	-0.475109792576169	-0.475109792576168	-0.475109792576169
Barcode495	10.7736997669007	-0.475109792576169	-0.475109792576168	-0.475109792576169
Barcode901	10.7247442167491	-0.475109792576169	-0.475109792576168	-0.475109792576169
Barcode276	11.8502748582772	-0.475109792576169	-0.475109792576168	-0.475109792576169
Barcode243	10.9863478106579	-0.475109792576169	-0.475109792576168	-0.475109792576169
Barcode414	10.2722483037188	-0.475109792576169	-0.475109792576168	-0.475109792576169
Barcode642	10.1647685574974	-0.475109792576169	-0.475109792576168	-0.475109792576169
Barcode610	10.3620648191428	-0.475109792576169	-0.475109792576168	-0.475109792576169
Barcode902	13.4935015596264	-0.475109792576169	-0.475109792576168	-0.475109792576169
Barcode489	11.2948190062489	-0.475109792576169	-0.475109792576168	-0.475109792576169
NGATGAAGT	11.0655471640523	-0.475109792576169	-0.475109792576168	-0.475109792576169
Barcode417	10.3309993902473	-0.475109792576169	-0.475109792576168	-0.475109792576169
Barcode268	11.8511874897709	-0.475109792576169	-0.475109792576168	-0.475109792576169
Barcode822	12.4149169766631	-0.475109792576169	-0.475109792576168	-0.475109792576169
Barcode569	10.2223334352722	-0.475109792576169	-0.475109792576168	-0.475109792576169
Barcode551	10.0644582777157	-0.475109792576169	-0.475109792576168	-0.475109792576169
Barcode670	12.0439114928776	-0.475109792576169	-0.475109792576168	-0.475109792576169
Barcode104	10.2335758283748	-0.475109792576169	-0.475109792576168	-0.475109792576169
Barcode481	10.4941313655855	-0.475109792576169	-0.475109792576168	-0.475109792576169
Barcode548	12.0083535957468	-0.475109792576169	-0.475109792576168	-0.475109792576169
Barcode656	11.5077297178685	-0.475109792576169	-0.475109792576168	-0.475109792576169
Barcode217	11.4243349258973	-0.475109792576169	-0.475109792576168	-0.475109792576169
CGACGGATCGTACGCATCTCACCCC	-0.475109792576169	10.3581205562379	12.2418122961546	11.0685703781573
B6955	-0.475109792576169	9.94648403697961	11.711600802175	10.9470257660861
TGATACGGCGNGANGAACAGTAACC	-0.475109792576169	10.8101781447011	11.9696182662766	10.8678087012349
GTAACTACGCNCCNATGTCATTCAG	-0.475109792576169	9.5497876744621	-0.475109792576168	-0.475109792576169
CGACGGAGCGTACGAATCTCACCCC	-0.475109792576169	5.2430873170703	10.771481802819	9.40474750877538
TCGTCTATGNNGGNGACACTTGACT	-0.475109792576169	10.3166931617545	11.4304000850164	10.0249752005696
CGGCCCTGTNNGGNTACTATGCAAC	-0.475109792576169	11.7038792346336	7.46518739056742	-0.475109792576169
B4835	-0.475109792576169	2.68600882063928	4.03846106614476	14.8620227185624
B4444	-0.475109792576169	14.0101476466424	15.9777602548506	14.8261400374532
GGGTGTTTTGNTCNGACCTCACTGC	-0.475109792576169	11.0604297402723	7.35872393394879	6.47871538348662
GGCAGCCAGCCACTCGCATCTCTAG	-0.475109792576169	10.428621814977	12.3646706544014	11.2016598107035
B4831	-0.475109792576169	2.68600882063928	-0.475109792576168	12.2686383838626
TCTTTTGGCCCAGCAGCCTGAGTAG	-0.475109792576169	8.38844454862335	9.81297250347938	11.1743077843289
TCCAGTGCCCGGAAGAAACGATTAC	-0.475109792576169	10.7823551971476	4.85810936668103	-0.475109792576169
B4445	-0.475109792576169	14.1473500923824	15.7298664929786	15.1466746034247
GGGTGTTTTNNTCNGACCTCACTGC	-0.475109792576169	10.455297889621	6.25060530215151	4.61687760015015
TCTAACTAGCNGGNTGCACGCAAAA	-0.475109792576169	10.019805063509	11.6108314499294	11.1442600053389
GTGGCACATANAANCGTCCCGTAAT	-0.475109792576169	8.69739070187561	10.6212727053793	8.68797286348335
B8032	-0.475109792576169	3.21618375422694	10.4696625842303	10.290981470973
B8608	-0.475109792576169	3.21618375422694	13.6740472228229	4.14827206193703
B920	-0.475109792576169	16.7785144269807	13.0481389458041	9.39019025311197
B916	-0.475109792576169	15.2804986170382	11.08287796666	10.4003541954293
ACGTCAGCGNNTGNTCCTTTGACTG	-0.475109792576169	10.0395276979793	5.58068899269341	4.40151789976968
B8509	-0.475109792576169	3.21618375422694	12.2464850605217	2.91157494719597
B913	-0.475109792576169	15.6015510297338	4.69265071967937	10.515492910877
B7925	-0.475109792576169	2.68600882063928	-0.475109792576168	11.4743148077198
B10750	-0.475109792576169	11.7465025102577	-0.475109792576168	-0.475109792576169
B7255	-0.475109792576169	9.7922746452508	-0.475109792576168	-0.475109792576169
B2719	-0.475109792576169	11.1447943139892	-0.475109792576168	-0.475109792576169
ATCAGATGCNNCCNTCCAACAAATA	-0.475109792576169	9.25139282160199	10.5951324708286	9.91232655935068
B922	-0.475109792576169	16.5846493354815	12.0477261474545	6.03048436849808
CGCATCGTGGGGTTGATCTAAACGC	-0.475109792576169	10.3166931617545	11.7237161154575	11.4340775376033
TCTAACTAGCCGGGTGCACGCAAAC	-0.475109792576169	10.0857902076009	11.6662866881189	11.0889954822071
ATGTCAGCGAATGATCCTTTGACTG	-0.475109792576169	12.5805648194755	-0.475109792576168	-0.475109792576169
B4449	-0.475109792576169	14.223686317606	15.1157558623743	14.5198517739981
TTGTCCGAANNATNGCTACCTCAAG	-0.475109792576169	9.10183195177572	11.259700517218	10.0984547359504
B8983	-0.475109792576169	12.1482031005832	-0.475109792576168	-0.475109792576169
ATACCACGAANAGNCTATATGCGAG	-0.475109792576169	11.7536845685402	7.38608535464293	-0.475109792576169
B924	-0.475109792576169	13.6742992761897	3.73223762629175	4.14827206193703
CGCATCTTGGNGNTGATCTAAACGC	-0.475109792576169	8.25983625072378	9.71926785314626	8.91848452650566
ACGTCAGCGAATGATCCTTTGATTG	-0.475109792576169	12.3217316085254	-0.475109792576168	2.91157494719597
CGGCCCTGTTGGGATACTATGCAAA	-0.475109792576169	9.76410085586997	5.14109468518181	-0.475109792576169
CGGCCCTGTTNGNATACTATGCAAC	-0.475109792576169	9.64555866577387	5.0065293942567	-0.475109792576169
B7624	-0.475109792576169	9.72565896761405	-0.475109792576168	9.41915934318592
B4448	-0.475109792576169	10.1740893451647	14.8465850482217	12.280527068446
GCACCCAACGNCGNCAGGTACATCA	-0.475109792576169	9.68616465440128	10.8448041098616	9.8230195857879
B11187	-0.475109792576169	9.80615786769467	-0.475109792576168	-0.475109792576169
GCACCCAACGTCGTCAGGTACATCC	-0.475109792576169	8.49513850213226	9.59580327937606	8.11020185274109
B4674	-0.475109792576169	2.68600882063928	-0.475109792576168	12.1100113649337
B4832	-0.475109792576169	4.3733031201271	2.80829455160876	13.5203137989947
B4452	-0.475109792576169	13.8769919928198	14.9404134016165	13.8431430692674
ATCAGATGCGNCCNTCCAACAAATA	-0.475109792576169	10.1046368315307	11.1641518498531	10.5810497390743
CACTGATCGGNGNGATGGACCTACT	-0.475109792576169	9.7829443815183	5.91715300787994	-0.475109792576169
B4830	-0.475109792576169	2.68600882063928	-0.475109792576168	13.4297982086985
TGATACGGCGAGAGGAACAGTAACA	-0.475109792576169	8.5729896127232	9.63053676134426	8.60215415931975
B918	-0.475109792576169	16.0901196802435	11.5440781569095	5.25349013398039
ATACGACGTNNCCNTCCGTCTAAAC	-0.475109792576169	5.62364781278798	10.0279807170014	7.35789436732468
GAGACTGGCANTANGGCATAGCCCT	-0.475109792576169	7.74863194793712	9.77207544365066	8.16253511964045
B8038	-0.475109792576169	11.7572622343184	13.8687620854828	12.3713399729287
B4671	-0.475109792576169	3.21618375422694	3.3430005232076	13.626983938989
TTGTCCGAAGNATNGCTACCTCAAG	-0.475109792576169	9.916932705728	11.8713924093438	10.7300980190723
CGACGGATCGTACGAATCTCACACC	-0.475109792576169	4.55967468583357	12.1835514423039	11.8275723630393
TGCATAACTCNTANGTTGGACGACG	-0.475109792576169	11.3608639674852	-0.475109792576168	6.42259728526881
GGCAGCCAGNNACNAGCATCTCTAG	-0.475109792576169	9.44720416251746	11.4564472462403	10.3560975698135
B4447	-0.475109792576169	13.0009351593488	14.7985519414504	12.9901168296374
CGGCCCTGTTNGGNTACTATGCAAC	-0.475109792576169	12.3305640447552	7.92301621891171	-0.475109792576169
CACTGATCGGGGTGATTGACCTACT	-0.475109792576169	10.897066547654	7.11886509876474	3.84090340704835
TCGTCTATGANGGNGACACTTGACT	-0.475109792576169	10.8397262190858	11.9875928024417	10.4746795485676
B3624	-0.475109792576169	3.60302695975656	-0.475109792576168	13.1363034673061
CACTGATCGNNGTNATGGACCTACT	-0.475109792576169	11.9299304939517	8.11512663747845	4.61687760015015
B7758	-0.475109792576169	10.1488888994151	-0.475109792576168	-0.475109792576169
GGCAGCCAGCNACNAGCATCTCTAG	-0.475109792576169	10.1158277495361	11.9650894215833	10.9269953658056
GCACCCAACNNCGNCAGGTACATCA	-0.475109792576169	8.97647278510378	10.2857737119602	9.21954398238202
TGATACGGCNNGANGAACAGTAACC	-0.475109792576169	10.257294473099	11.3034092588766	10.3104402301095
TGCATAACTNNTANGTTGGACGACG	-0.475109792576169	10.7103556797419	-0.475109792576168	5.4903063272153
B4833	-0.475109792576169	3.21618375422694	-0.475109792576168	12.6145967009145
B7872	-0.475109792576169	2.68600882063928	-0.475109792576168	11.9579109736333
B4441	-0.475109792576169	15.3162077965617	16.7518793134384	15.6096493389585
ATACGACGTGNCCNTCCGTCTAAAC	-0.475109792576169	6.28325479268144	10.7610694894975	8.32442114607929
B3625	-0.475109792576169	2.68600882063928	11.4205098678353	-0.475109792576169
B6722	-0.475109792576169	12.578544003625	-0.475109792576168	2.91157494719597
B5828	-0.475109792576169	10.1083767910992	-0.475109792576168	-0.475109792576169
CAGTCATAGAGACTCACCCCTGACA	-0.475109792576169	12.7276286468059	2.80829455160876	2.91157494719597
B1077	-0.475109792576169	10.6397512208747	-0.475109792576168	9.09940112999879
B3623	-0.475109792576169	3.9077701524905	2.80829455160876	13.5776489582013
ATACCACGANNAGNCTATATGCGAG	-0.475109792576169	11.2518068443489	6.56980458758611	-0.475109792576169
NACTGATCGGGGTGATGGACCTACT	-0.475109792576169	9.69614005418108	4.03846106614476	-0.475109792576169
B8107	-0.475109792576169	11.6522928296337	-0.475109792576168	-0.475109792576169
B917	-0.475109792576169	11.6420084977304	-0.475109792576168	-0.475109792576169
CGCATCTTGGNGTNGATCTAAACGC	-0.475109792576169	11.0232726315416	12.6308209558387	11.5662147792716
B4451	-0.475109792576169	14.2389071314238	16.1504987157121	15.0309178226995
TCCAGTGCCNNGANGAAACGATTAA	-0.475109792576169	10.0158279743275	3.73223762629175	-0.475109792576169
AGCTTTGTGTNACNCTCCATAGTTT	-0.475109792576169	11.9118533939503	-0.475109792576168	5.95336369755325
CACTGATCGGGGTGCTTGACCTACT	-0.475109792576169	11.6014495115829	7.58808828027818	3.84090340704835
B921	-0.475109792576169	16.1398461648361	7.49061943277635	9.30738871699679
B5170	-0.475109792576169	3.21618375422694	11.8070546337594	-0.475109792576169
B4827	-0.475109792576169	2.68600882063928	4.69265071967937	13.98461256902
B4446	-0.475109792576169	15.3316880969538	16.457248820211	15.3601233608496
AGCTTTGTGTCACCATCCATAGTTT	-0.475109792576169	9.57703467223416	2.80829455160876	3.44980981099415
GTACCCAACGTCGTCAGGTACATCA	-0.475109792576169	3.21618375422694	11.5991876987309	-0.475109792576169
ATACCACGAACAGCCTATATGCTAG	-0.475109792576169	11.4071451576677	6.74909089944501	-0.475109792576169
B8742	-0.475109792576169	11.7524900389897	-0.475109792576168	2.91157494719597
ATCAGATGCGCCCATCCAACAAATC	-0.475109792576169	10.159743035672	11.0681720872808	10.3104402301095
CGCATCTTGGGGTTCATCTAAACGC	-0.475109792576169	8.35105134796033	9.97490665873939	8.56375219422162
B8476	-0.475109792576169	2.68600882063928	-0.475109792576168	10.4432934994746
CGCATCTTGGGGTTGATCTAAACGA	-0.475109792576169	8.11863114192797	9.57217418147558	8.62719909080067
TCCAGTGCCCNGANGAAACGATTAA	-0.475109792576169	10.5736521441916	5.26417246044289	-0.475109792576169
CACTGATCGGNGTNATGGACCTACT	-0.475109792576169	12.6431358131163	9.05477920815706	5.59557137261764
AGCTTTGTGNNACNCTCCATAGTTT	-0.475109792576169	11.3016600801694	-0.475109792576168	5.69367538045472
B4442	-0.475109792576169	15.1834489516249	16.1680918473016	14.7451603562213
B3374	-0.475109792576169	2.68600882063928	2.80829455160876	10.9143336549138
CGACGGATCGNACNAATCTCACCCC	-0.475109792576169	10.1705161200985	12.1146831652261	10.8251547576951
B10807	-0.475109792576169	3.60302695975656	12.665429290866	10.4884126915329
CACTGATCGGGGTGCTGGACCTACT	-0.475109792576169	12.2642216148459	8.24034554339824	4.80422554770857
TCTAACTAGNNGGNTGCACGCAAAA	-0.475109792576169	9.22407492570372	11.1200188000074	10.5255183634579
B11455	-0.475109792576169	9.93810238482839	-0.475109792576168	-0.475109792576169
B6566	-0.475109792576169	3.21618375422694	-0.475109792576168	11.5433716540886
B4834	-0.475109792576169	3.21618375422694	3.3430005232076	13.0405096348232
ACGTCAGCGANTGNTCCTTTGACTG	-0.475109792576169	10.5297019679346	5.91715300787994	5.25349013398039
CGCATCTTGNNGTNGATCTAAACGC	-0.475109792576169	10.3295672192477	11.9964967828614	10.9594049970503
B10846	-0.475109792576169	11.4490411678174	-0.475109792576168	-0.475109792576169
B4450	-0.475109792576169	14.2200179449347	16.1794989236594	14.965682103
B10988	-0.475109792576169	11.0853126027306	10.9788906766815	10.3258204511002
B6729	-0.475109792576169	3.21618375422694	10.8448041098616	-0.475109792576169
B915	-0.475109792576169	14.8977723355866	10.2821372344666	9.36062752779738
CGACGGATCNNACNAATCTCACCCC	-0.475109792576169	9.54427597514203	11.6035651254817	10.4003541954293
GTGGCACATNNAANCGTCCCGTAAT	-0.475109792576169	7.94546060911196	10.1803186090569	8.26182928636032
B4825	-0.475109792576169	4.3733031201271	8.930200440451	15.3895819658857
B914	-0.475109792576169	14.8066178561082	8.85386416420403	2.91157494719597
B919	-0.475109792576169	13.6005352500311	12.1023631471868	3.84090340704835
GGGAGAGCTCCTTACGAGTAATCGG	-0.475109792576169	9.88676338141788	8.4098891490003	-0.475109792576169
B6807	-0.475109792576169	-0.475109792576169	10.7688857611758	-0.475109792576169
B6829	-0.475109792576169	-0.475109792576169	3.3430005232076	10.8704331608
CTCCAAACACGTACGGCATTCTTGG	-0.475109792576169	-0.475109792576169	4.5057278546202	10.7839878885194
B10954	-0.475109792576169	-0.475109792576169	10.1997241045364	-0.475109792576169
B8031	-0.475109792576169	-0.475109792576169	10.0916901650519	-0.475109792576169
B4676	-0.475109792576169	-0.475109792576169	2.80829455160876	12.196218770177
B4164	-0.475109792576169	-0.475109792576169	9.95677236703512	-0.475109792576169
GTGGCACATAAAATCGTGCCCGAAT	-0.475109792576169	-0.475109792576169	10.6969663365413	-0.475109792576169
B3069	-0.475109792576169	-0.475109792576169	10.7532106398292	-0.475109792576169
CGCTCAAAGCNGCNTCGTATCATCC	-0.475109792576169	-0.475109792576169	9.57217418147558	-0.475109792576169
B11486	-0.475109792576169	-0.475109792576169	10.3531802584805	-0.475109792576169
B7861	-0.475109792576169	-0.475109792576169	11.2373393181817	-0.475109792576169
B10280	-0.475109792576169	-0.475109792576169	9.20060636442977	10.5938110655662
B4675	-0.475109792576169	-0.475109792576169	4.03846106614476	12.7187579815726
B4672	-0.475109792576169	-0.475109792576169	2.80829455160876	13.2730032802863
B10993	-0.475109792576169	-0.475109792576169	10.4075986541605	-0.475109792576169
B8035	-0.475109792576169	-0.475109792576169	10.2894010463386	9.46155066644966
B6567	-0.475109792576169	-0.475109792576169	10.6097132568898	10.4397636355408
B3097	-0.475109792576169	-0.475109792576169	10.1407065525012	-0.475109792576169
CTCCAAACACNTANGGCATTCTGGG	-0.475109792576169	-0.475109792576169	5.0065293942567	11.2285029044414
B6808	-0.475109792576169	-0.475109792576169	10.6270178820398	2.91157494719597
B4278	-0.475109792576169	-0.475109792576169	10.6327402706711	-0.475109792576169
B4185	-0.475109792576169	-0.475109792576169	10.9145794860153	-0.475109792576169
B8589	-0.475109792576169	-0.475109792576169	10.0749741707776	-0.475109792576169
B2378	-0.475109792576169	-0.475109792576169	10.4241918788546	2.91157494719597
B10951	-0.475109792576169	-0.475109792576169	10.6097132568898	2.91157494719597
B10809	-0.475109792576169	-0.475109792576169	10.2857737119602	-0.475109792576169
B4673	-0.475109792576169	-0.475109792576169	2.80829455160876	12.8811214817616
B1700	-0.475109792576169	-0.475109792576169	10.1764059897055	-0.475109792576169
B5147	-0.475109792576169	-0.475109792576169	10.2112433351175	-0.475109792576169
B5058	-0.475109792576169	-0.475109792576169	10.036639625433	9.46155066644966
B4826	-0.475109792576169	-0.475109792576169	3.3430005232076	13.1808592943497
B2924	-0.475109792576169	-0.475109792576169	9.88666334097899	-0.475109792576169
B5981	-0.475109792576169	-0.475109792576169	10.4208884666222	-0.475109792576169
B4677	-0.475109792576169	-0.475109792576169	3.73223762629175	11.4604461576456
B3306	-0.475109792576169	-0.475109792576169	2.80829455160876	10.7812012097125
B4680	-0.475109792576169	-0.475109792576169	3.73223762629175	13.5085681750302
B10799	-0.475109792576169	-0.475109792576169	10.5504845208539	-0.475109792576169
B8540	-0.475109792576169	-0.475109792576169	11.3700154570997	-0.475109792576169
B10335	-0.475109792576169	-0.475109792576169	11.2373393181817	-0.475109792576169
B5837	-0.475109792576169	-0.475109792576169	11.7450063974714	-0.475109792576169
B4828	-0.475109792576169	-0.475109792576169	3.3430005232076	12.8673920815334
CTCCAAACANNTANGGCATTCTGGG	-0.475109792576169	-0.475109792576169	4.03846106614476	10.5938110655662
B11010	-0.475109792576169	-0.475109792576169	9.83299434131589	-0.475109792576169
B6131	-0.475109792576169	-0.475109792576169	11.6195030042135	-0.475109792576169
B1470	-0.475109792576169	-0.475109792576169	10.5863127367825	3.44980981099415
B10640	-0.475109792576169	-0.475109792576169	9.96132735436984	-0.475109792576169
B11251	-0.475109792576169	-0.475109792576169	9.86251555004188	9.41915934318592
B11077	-0.475109792576169	-0.475109792576169	10.9169263665698	-0.475109792576169
B5054	-0.475109792576169	-0.475109792576169	-0.475109792576168	10.8938408992115
B10184	-0.475109792576169	-0.475109792576169	-0.475109792576168	9.6505258515054
B6575	-0.475109792576169	-0.475109792576169	-0.475109792576168	10.5420741702473
B4829	-0.475109792576169	-0.475109792576169	-0.475109792576168	12.6051735056896
B3112	-0.475109792576169	-0.475109792576169	-0.475109792576168	9.71034481135391
B11827	-0.475109792576169	-0.475109792576169	-0.475109792576168	9.57530690368224
B11057	-0.475109792576169	-0.475109792576169	-0.475109792576168	10.3560975698135
B3613	-0.475109792576169	-0.475109792576169	-0.475109792576168	11.1333751631276
B11359	-0.475109792576169	-0.475109792576169	-0.475109792576168	11.0478519457916
B7106	-0.475109792576169	-0.475109792576169	-0.475109792576168	9.60712606423726
B4955	-0.475109792576169	-0.475109792576169	-0.475109792576168	10.7184916664046
B3622	-0.475109792576169	-0.475109792576169	-0.475109792576168	11.0570968900037
B5157	-0.475109792576169	-0.475109792576169	-0.475109792576168	10.3635685979963
B7928	-0.475109792576169	-0.475109792576169	-0.475109792576168	11.4863414675046
CTCCAAACACGTACGGTATTCTGGG	-0.475109792576169	-0.475109792576169	-0.475109792576168	10.9295144274383
B7785	-0.475109792576169	-0.475109792576169	-0.475109792576168	11.5417260782052
B8179	-0.475109792576169	-0.475109792576169	-0.475109792576168	10.1811130369629
B7782	-0.475109792576169	-0.475109792576169	-0.475109792576168	11.1572143307616
B7757	-0.475109792576169	-0.475109792576169	-0.475109792576168	9.60712606423726
B4952	-0.475109792576169	-0.475109792576169	-0.475109792576168	10.4112094284151
TATCGGAGCGCCTTGAACGTAACCC	-0.475109792576169	-0.475109792576169	-0.475109792576168	10.2021004166117
B10863	-0.475109792576169	-0.475109792576169	-0.475109792576168	9.96238841034609
B8034	-0.475109792576169	-0.475109792576169	-0.475109792576168	10.3598379200101
B7429	-0.475109792576169	-0.475109792576169	-0.475109792576168	10.4003541954293
B6191	-0.475109792576169	-0.475109792576169	-0.475109792576168	10.4219835932514
B7183	-0.475109792576169	-0.475109792576169	-0.475109792576168	9.6807453459821
B10867	-0.475109792576169	-0.475109792576169	-0.475109792576168	10.3820786376651
B9471	-0.475109792576169	-0.475109792576169	-0.475109792576168	10.2309790903532
B7855	-0.475109792576169	-0.475109792576169	-0.475109792576168	9.61965979526449
B11188	-0.475109792576169	-0.475109792576169	-0.475109792576168	9.59448248866463
B10812	-0.475109792576169	-0.475109792576169	-0.475109792576168	10.2268887891716
B2844	-0.475109792576169	-0.475109792576169	-0.475109792576168	10.3747030957109
B10811	-0.475109792576169	-0.475109792576169	-0.475109792576168	11.6357396053954
B1790	-0.475109792576169	-0.475109792576169	-0.475109792576168	10.111825026914
B10861	-0.475109792576169	-0.475109792576169	-0.475109792576168	11.590294730987
B9729	-0.475109792576169	-0.475109792576169	-0.475109792576168	9.89180507015366
B10276	-0.475109792576169	-0.475109792576169	-0.475109792576168	9.52954710040727
B6605	-0.475109792576169	-0.475109792576169	-0.475109792576168	11.2668579927502
B2053	-0.475109792576169	-0.475109792576169	-0.475109792576168	9.61965979526449
B5902	-0.475109792576169	-0.475109792576169	-0.475109792576168	10.1853350088214
B1719	-0.475109792576169	-0.475109792576169	-0.475109792576168	10.029678958386
B8412	-0.475109792576169	-0.475109792576169	-0.475109792576168	10.727205172794
B4496	-0.475109792576169	-0.475109792576169	-0.475109792576168	10.8860804423298
B6565	-0.475109792576169	-0.475109792576169	-0.475109792576168	10.8730528547822
B4692	-0.475109792576169	-0.475109792576169	-0.475109792576168	10.3372489619229
CTAGTGGAGCGCATAACTCATGTAG	-0.475109792576169	-0.475109792576169	-0.475109792576168	10.3710011365284
B9064	-0.475109792576169	-0.475109792576169	-0.475109792576168	9.67475187457027
B7148	-0.475109792576169	-0.475109792576169	-0.475109792576168	10.4746795485676
B10804	-0.475109792576169	-0.475109792576169	-0.475109792576168	10.4608144212103
B4669	-0.475109792576169	-0.475109792576169	-0.475109792576168	12.6751421637701
B3954	-0.475109792576169	-0.475109792576169	-0.475109792576168	10.8808835155198
B3960	-0.475109792576169	-0.475109792576169	-0.475109792576168	10.2350578275699
B6840	-0.475109792576169	-0.475109792576169	-0.475109792576168	10.4039816893029
B4670	-0.475109792576169	-0.475109792576169	-0.475109792576168	11.6510841181777
B4679	-0.475109792576169	-0.475109792576169	-0.475109792576168	11.4305250247864
B7428	-0.475109792576169	-0.475109792576169	-0.475109792576168	10.7214020199341
AGGTGCGCCGNTTNCTAAGCTTTGC	-0.475109792576169	-0.475109792576169	-0.475109792576168	10.8599065548646
B6574	-0.475109792576169	-0.475109792576169	-0.475109792576168	10.2227868582668
AATCGTCTGGNGCNAATACCACTCA	-0.475109792576169	-0.475109792576169	-0.475109792576168	10.2948942758949
B2880	-0.475109792576169	-0.475109792576169	-0.475109792576168	9.63208557392874
B11008	-0.475109792576169	-0.475109792576169	-0.475109792576168	10.2632906055389
B2467	-0.475109792576169	-0.475109792576169	-0.475109792576168	10.7501871352579
B11699	-0.475109792576169	-0.475109792576169	-0.475109792576168	9.61340654090179
B4836	-0.475109792576169	-0.475109792576169	-0.475109792576168	12.2686383838626
B5745	-0.475109792576169	-0.475109792576169	-0.475109792576168	10.5387781730522
GCGACAAACGAACGCACTAAAGAGC	-0.475109792576169	-0.475109792576169	-0.475109792576168	9.75078960157338
B7205	-0.475109792576169	-0.475109792576169	-0.475109792576168	9.58811890419158
B6934	-0.475109792576169	-0.475109792576169	-0.475109792576168	10.9692324665357
B116	-0.475109792576169	-0.475109792576169	-0.475109792576168	10.5387781730522
B6570	-0.475109792576169	-0.475109792576169	-0.475109792576168	11.0685703781573
B1068	-0.475109792576169	-0.475109792576169	-0.475109792576168	11.5151383450913
B3379	-0.475109792576169	-0.475109792576169	-0.475109792576168	11.8909854609553
B9862	-0.475109792576169	-0.475109792576169	-0.475109792576168	9.72781731112382
B4459	-0.475109792576169	-0.475109792576169	-0.475109792576168	10.0575839260475
AGGTGCGCCGATTACTAAGCTTTGT	-0.475109792576169	-0.475109792576169	-0.475109792576168	10.3635685979963
AGGTGCGCCNNTTNCTAAGCTTTGC	-0.475109792576169	-0.475109792576169	-0.475109792576168	10.0249752005696
CAACAGCCACGCCGCCTTCATTATG	-0.475109792576169	-0.475109792576169	-0.475109792576168	9.6807453459821
B11614	-0.475109792576169	-0.475109792576169	-0.475109792576168	10.348587651264
B7808	-0.475109792576169	-0.475109792576169	-0.475109792576168	10.3820786376651
B10273	-0.475109792576169	-0.475109792576169	-0.475109792576168	9.62588606229372
B7693	-0.475109792576169	-0.475109792576169	-0.475109792576168	10.3857523168217
B11575	-0.475109792576169	-0.475109792576169	-0.475109792576168	10.1598158340532
B8655	-0.475109792576169	-0.475109792576169	-0.475109792576168	11.3780056626186
B5623	-0.475109792576169	-0.475109792576169	-0.475109792576168	9.67475187457027
B10857	-0.475109792576169	-0.475109792576169	-0.475109792576168	9.52954710040727
B6569	-0.475109792576169	-0.475109792576169	-0.475109792576168	10.3523474971235
B5153	-0.475109792576169	-0.475109792576169	-0.475109792576168	9.54933643124952
B5160	-0.475109792576169	-0.475109792576169	-0.475109792576168	10.2552803171403
B7457	-0.475109792576169	-0.475109792576169	-0.475109792576168	11.01264599677
B8987	-0.475109792576169	-0.475109792576169	-0.475109792576168	10.5616935702074
B3848	-0.475109792576169	-0.475109792576169	-0.475109792576168	10.643756662383
B9514	-0.475109792576169	-0.475109792576169	-0.475109792576168	10.515492910877
B9050	-0.475109792576169	-0.475109792576169	-0.475109792576168	10.4003541954293
B7418	-0.475109792576169	-0.475109792576169	-0.475109792576168	10.8572628583119
B10802	-0.475109792576169	-0.475109792576169	-0.475109792576168	9.56885798241624
B7807	-0.475109792576169	-0.475109792576169	-0.475109792576168	9.90722348831576
B7924	-0.475109792576169	-0.475109792576169	-0.475109792576168	10.9495101245912
