V3.l1	V3.l2	V3.l3	V3.l4
Barcode511	9.02284114907028	-2.95899964676824	-2.95899964676824	-2.95899964676824
Barcode301	9.21120065957759	-2.95899964676824	-2.95899964676824	-2.95899964676824
Barcode77	16.7858721198357	-2.95899964676824	-2.95899964676824	-2.95899964676824
TGGCATGAT	8.55956017588046	-2.95899964676824	-2.95899964676824	-2.95899964676824
Barcode263	9.11335949712782	-2.95899964676824	-2.95899964676824	-2.95899964676824
CGAGGATGT	7.06735993256722	-2.95899964676824	-2.95899964676824	-2.95899964676824
Barcode283	9.15891166026238	-2.95899964676824	-2.95899964676824	-2.95899964676824
CGATGAAGG	9.02181420831346	-2.95899964676824	-2.95899964676824	-2.95899964676824
Barcode475	9.29008735125627	-2.95899964676824	-2.95899964676824	-2.95899964676824
Barcode859	9.08610767953128	-2.95899964676824	-2.95899964676824	-2.95899964676824
Barcode801	11.0720277460437	-2.95899964676824	-2.95899964676824	-2.95899964676824
GCTCCTTCT	9.65581051296508	-2.95899964676824	-2.95899964676824	-2.95899964676824
Barcode279	11.0747536247809	-2.95899964676824	-2.95899964676824	-2.95899964676824
Barcode866	9.00839702839654	-2.95899964676824	-2.95899964676824	-2.95899964676824
Barcode369	10.256716224169	-2.95899964676824	-2.95899964676824	-2.95899964676824
Barcode43	10.8025471197713	-2.95899964676824	-2.95899964676824	-2.95899964676824
Barcode340	10.7280011452078	-2.95899964676824	-2.95899964676824	-2.95899964676824
TACGATACT	9.31796479297873	-2.95899964676824	-2.95899964676824	-2.95899964676824
Barcode663	8.97270435592892	-2.95899964676824	-2.95899964676824	-2.95899964676824
AGGCATGTT	7.98049273808256	-2.95899964676824	-2.95899964676824	-2.95899964676824
Barcode327	9.19671335195969	-2.95899964676824	-2.95899964676824	-2.95899964676824
Barcode765	9.13821195816369	-2.95899964676824	-2.95899964676824	-2.95899964676824
Barcode669	9.10368569208635	-2.95899964676824	-2.95899964676824	-2.95899964676824
Barcode662	10.0328934591973	-2.95899964676824	-2.95899964676824	-2.95899964676824
Barcode585	9.14010607004172	-2.95899964676824	-2.95899964676824	-2.95899964676824
Barcode221	10.2195785680577	-2.95899964676824	-2.95899964676824	-2.95899964676824
Barcode604	9.36326254188075	-2.95899964676824	-2.95899964676824	-2.95899964676824
Barcode381	9.14010607004172	-2.95899964676824	-2.95899964676824	-2.95899964676824
Barcode647	9.1976230832773	-2.95899964676824	-2.95899964676824	-2.95899964676824
Barcode347	13.7358337764114	-2.95899964676824	-2.95899964676824	-2.95899964676824
TGGCATCTT	7.59775526191006	-2.95899964676824	-2.95899964676824	-2.95899964676824
Barcode97	9.24239340323982	-2.95899964676824	-2.95899964676824	-2.95899964676824
Barcode967	9.16729485637167	-2.95899964676824	-2.95899964676824	-2.95899964676824
TGGGATGTT	7.19675188615264	-2.95899964676824	-2.95899964676824	-2.95899964676824
Barcode417	10.3064789142901	-2.95899964676824	-2.95899964676824	-2.95899964676824
Barcode449	10.4038948914718	-2.95899964676824	-2.95899964676824	-2.95899964676824
Barcode792	8.99799053687819	-2.95899964676824	-2.95899964676824	-2.95899964676824
Barcode363	9.04928821008076	-2.95899964676824	-2.95899964676824	-2.95899964676824
Barcode382	9.04928821008076	-2.95899964676824	-2.95899964676824	-2.95899964676824
GGATGAAGT	8.11562100288671	-2.95899964676824	-2.95899964676824	-2.95899964676824
Barcode795	9.18023932338401	-2.95899964676824	-2.95899964676824	-2.95899964676824
Barcode531	10.6757476526248	-2.95899964676824	-2.95899964676824	-2.95899964676824
Barcode497	9.90450285708313	-2.95899964676824	-2.95899964676824	-2.95899964676824
CGCCCCTGT	9.21839012141292	-2.95899964676824	-2.95899964676824	-2.95899964676824
Barcode215	10.2623792445544	-2.95899964676824	-2.95899964676824	-2.95899964676824
Barcode626	9.3444925659825	-2.95899964676824	-2.95899964676824	-2.95899964676824
Barcode512	10.1237600111959	-2.95899964676824	-2.95899964676824	-2.95899964676824
Barcode501	9.16543612913635	-2.95899964676824	-2.95899964676824	-2.95899964676824
Barcode902	13.4590687073857	-2.95899964676824	-2.95899964676824	-2.95899964676824
Barcode341	11.4357908274783	-2.95899964676824	-2.95899964676824	-2.95899964676824
Barcode667	9.31629049891318	-2.95899964676824	-2.95899964676824	-2.95899964676824
Barcode655	8.81565528520848	-2.95899964676824	-2.95899964676824	-2.95899964676824
Barcode658	10.7741654022453	-2.95899964676824	-2.95899964676824	-2.95899964676824
Barcode722	11.8489791629908	-2.95899964676824	-2.95899964676824	-2.95899964676824
Barcode479	10.2852396106004	-2.95899964676824	-2.95899964676824	-2.95899964676824
Barcode646	9.85634902551783	-2.95899964676824	-2.95899964676824	-2.95899964676824
Barcode616	9.41424231951319	-2.95899964676824	-2.95899964676824	-2.95899964676824
Barcode608	8.59727628260397	-2.95899964676824	-2.95899964676824	-2.95899964676824
TCGCATGTT	7.4282944941902	-2.95899964676824	-2.95899964676824	-2.95899964676824
Barcode100	9.24942946332304	-2.95899964676824	-2.95899964676824	-2.95899964676824
Barcode666	11.1184022253218	-2.95899964676824	-2.95899964676824	-2.95899964676824
CGTTGAAGT	8.71631831175829	-2.95899964676824	-2.95899964676824	-2.95899964676824
Barcode461	14.5807029691683	-2.95899964676824	-2.95899964676824	-2.95899964676824
Barcode648	9.22018190271804	-2.95899964676824	-2.95899964676824	-2.95899964676824
Barcode324	11.2098390913348	-2.95899964676824	-2.95899964676824	-2.95899964676824
Barcode617	10.2941982326771	-2.95899964676824	-2.95899964676824	-2.95899964676824
Barcode244	10.7038728451492	-2.95899964676824	-2.95899964676824	-2.95899964676824
Barcode701	10.2924961119002	-2.95899964676824	-2.95899964676824	-2.95899964676824
Barcode643	9.18207908821155	-2.95899964676824	-2.95899964676824	-2.95899964676824
Barcode375	9.30788975788249	-2.95899964676824	-2.95899964676824	-2.95899964676824
CGATGAACT	9.22732685715452	-2.95899964676824	-2.95899964676824	-2.95899964676824
Barcode63	9.10853070289799	-2.95899964676824	-2.95899964676824	-2.95899964676824
Barcode950	9.2237588031096	-2.95899964676824	-2.95899964676824	-2.95899964676824
Barcode988	10.2302872346977	-2.95899964676824	-2.95899964676824	-2.95899964676824
Barcode243	11.0271866755717	-2.95899964676824	-2.95899964676824	-2.95899964676824
Barcode894	9.29519620853321	-2.95899964676824	-2.95899964676824	-2.95899964676824
Barcode268	11.6609248120664	-2.95899964676824	-2.95899964676824	-2.95899964676824
Barcode868	9.02181420831346	-2.95899964676824	-2.95899964676824	-2.95899964676824
Barcode116	9.25991962815744	-2.95899964676824	-2.95899964676824	-2.95899964676824
Barcode548	11.9646529304209	-2.95899964676824	-2.95899964676824	-2.95899964676824
Barcode335	9.09003245508631	-2.95899964676824	-2.95899964676824	-2.95899964676824
CCATGAAGT	8.30986618668081	-2.95899964676824	-2.95899964676824	-2.95899964676824
Barcode618	9.22465164425524	-2.95899964676824	-2.95899964676824	-2.95899964676824
CGATGAAGA	10.2770859750887	-2.95899964676824	-2.95899964676824	-2.95899964676824
Barcode657	10.2307317087758	-2.95899964676824	-2.95899964676824	-2.95899964676824
Barcode846	9.14105219425511	-2.95899964676824	-2.95899964676824	-2.95899964676824
Barcode89	8.7402410720715	-2.95899964676824	-2.95899964676824	-2.95899964676824
Barcode253	11.5330585177939	-2.95899964676824	-2.95899964676824	-2.95899964676824
Barcode622	9.1793185604269	-2.95899964676824	-2.95899964676824	-2.95899964676824
Barcode857	10.0981680612933	-2.95899964676824	-2.95899964676824	-2.95899964676824
Barcode282	9.15984553570285	-2.95899964676824	-2.95899964676824	-2.95899964676824
Barcode422	11.8317959534382	-2.95899964676824	-2.95899964676824	-2.95899964676824
Barcode545	8.87600131325152	-2.95899964676824	-2.95899964676824	-2.95899964676824
Barcode265	9.36488323136354	-2.95899964676824	-2.95899964676824	-2.95899964676824
Barcode540	10.7358506909008	-2.95899964676824	-2.95899964676824	-2.95899964676824
CGACCCTGT	12.9525548373836	-2.95899964676824	-2.95899964676824	-2.95899964676824
Barcode242	10.6500571821533	-2.95899964676824	-2.95899964676824	-2.95899964676824
Barcode610	10.3732222294818	-2.95899964676824	-2.95899964676824	-2.95899964676824
Barcode633	11.8339916479134	-2.95899964676824	-2.95899964676824	-2.95899964676824
Barcode488	10.1112621893721	-2.95899964676824	-2.95899964676824	-2.95899964676824
Barcode714	10.3073220169287	-2.95899964676824	-2.95899964676824	-2.95899964676824
Barcode689	10.5875776181879	-2.95899964676824	-2.95899964676824	-2.95899964676824
Barcode977	11.127023437241	-2.95899964676824	-2.95899964676824	-2.95899964676824
Barcode642	10.1983743396974	-2.95899964676824	-2.95899964676824	-2.95899964676824
Barcode905	11.0787093678314	-2.95899964676824	-2.95899964676824	-2.95899964676824
CGATGCAGT	8.43394533094929	-2.95899964676824	-2.95899964676824	-2.95899964676824
Barcode371	18.4345823597188	-2.95899964676824	-2.95899964676824	-2.95899964676824
CGATCAAGT	8.03851105246705	-2.95899964676824	-2.95899964676824	-2.95899964676824
Barcode264	10.0996288470975	-2.95899964676824	-2.95899964676824	-2.95899964676824
Barcode903	10.6919784972487	-2.95899964676824	-2.95899964676824	-2.95899964676824
Barcode524	10.7172567585727	-2.95899964676824	-2.95899964676824	-2.95899964676824
Barcode664	9.2467949604483	-2.95899964676824	-2.95899964676824	-2.95899964676824
CGCTGAAGT	9.46196839601181	-2.95899964676824	-2.95899964676824	-2.95899964676824
Barcode356	8.3820695361482	-2.95899964676824	-2.95899964676824	-2.95899964676824
Barcode255	9.20125628281403	-2.95899964676824	-2.95899964676824	-2.95899964676824
CGAAGAAGT	9.75986938419046	-2.95899964676824	-2.95899964676824	-2.95899964676824
Barcode427	10.6632889200134	-2.95899964676824	-2.95899964676824	-2.95899964676824
Barcode726	9.13536611946315	-2.95899964676824	-2.95899964676824	-2.95899964676824
GGGCATGTT	8.43857011123453	-2.95899964676824	-2.95899964676824	-2.95899964676824
GATCCGTCT	7.57832837443339	-2.95899964676824	-2.95899964676824	-2.95899964676824
AATTTGGCT	9.23177455100214	-2.95899964676824	-2.95899964676824	-2.95899964676824
Barcode593	10.3026788432973	-2.95899964676824	-2.95899964676824	-2.95899964676824
CGATGATGG	11.1128671342409	-2.95899964676824	-2.95899964676824	-2.95899964676824
Barcode367	9.10853070289799	-2.95899964676824	-2.95899964676824	-2.95899964676824
Barcode716	8.67771882763291	-2.95899964676824	-2.95899964676824	-2.95899964676824
CGATTAAGT	8.13474635649209	-2.95899964676824	-2.95899964676824	-2.95899964676824
Barcode392	12.3168733592369	-2.95899964676824	-2.95899964676824	-2.95899964676824
CGAGGAAGT	10.9958891279567	-2.95899964676824	-2.95899964676824	-2.95899964676824
Barcode835	10.1366249341779	-2.95899964676824	-2.95899964676824	-2.95899964676824
Barcode455	9.30451571666093	-2.95899964676824	-2.95899964676824	-2.95899964676824
CTGTGTTGT	10.6829117309484	-2.95899964676824	-2.95899964676824	-2.95899964676824
TGGTATGTT	10.235168934268	-2.95899964676824	-2.95899964676824	-2.95899964676824
GCCCACTGT	7.09886559490457	-2.95899964676824	-2.95899964676824	-2.95899964676824
CGATGAATT	8.59865441573397	-2.95899964676824	-2.95899964676824	-2.95899964676824
Barcode702	8.3064967699809	-2.95899964676824	-2.95899964676824	-2.95899964676824
Barcode920	10.8144571282877	-2.95899964676824	-2.95899964676824	-2.95899964676824
Barcode552	11.3664935381423	-2.95899964676824	-2.95899964676824	-2.95899964676824
Barcode732	9.40953876317083	-2.95899964676824	-2.95899964676824	-2.95899964676824
Barcode906	10.3269944041116	-2.95899964676824	-2.95899964676824	-2.95899964676824
Barcode921	9.21839012141292	-2.95899964676824	-2.95899964676824	-2.95899964676824
Barcode39	9.87409776279792	-2.95899964676824	-2.95899964676824	-2.95899964676824
GAGCCTTCT	7.27813227524027	-2.95899964676824	-2.95899964676824	-2.95899964676824
Barcode661	12.1469005716601	-2.95899964676824	-2.95899964676824	-2.95899964676824
Barcode460	11.8341379087969	-2.95899964676824	-2.95899964676824	-2.95899964676824
Barcode238	10.160150105944	-2.95899964676824	-2.95899964676824	-2.95899964676824
Barcode453	9.03714208895805	-2.95899964676824	-2.95899964676824	-2.95899964676824
Barcode851	9.13631535623985	-2.95899964676824	-2.95899964676824	-2.95899964676824
Barcode302	13.1756174013654	-2.95899964676824	-2.95899964676824	-2.95899964676824
Barcode972	9.35594682401272	-2.95899964676824	-2.95899964676824	-2.95899964676824
AGATGAAGT	8.33819288980037	-2.95899964676824	-2.95899964676824	-2.95899964676824
Barcode348	8.90859080455978	-2.95899964676824	-2.95899964676824	-2.95899964676824
Barcode374	10.2946234492757	-2.95899964676824	-2.95899964676824	-2.95899964676824
Barcode180	9.06133292555239	-2.95899964676824	-2.95899964676824	-2.95899964676824
Barcode489	11.1898623405543	-2.95899964676824	-2.95899964676824	-2.95899964676824
Barcode555	11.069296707184	-2.95899964676824	-2.95899964676824	-2.95899964676824
Barcode102	9.23177455100214	-2.95899964676824	-2.95899964676824	-2.95899964676824
Barcode360	9.22554393318971	-2.95899964676824	-2.95899964676824	-2.95899964676824
Barcode822	12.3857450529297	-2.95899964676824	-2.95899964676824	-2.95899964676824
Barcode562	9.0792135251157	-2.95899964676824	-2.95899964676824	-2.95899964676824
Barcode551	10.0293209740769	-2.95899964676824	-2.95899964676824	-2.95899964676824
Barcode670	11.9416239372929	-2.95899964676824	-2.95899964676824	-2.95899964676824
TGGCAGGTT	8.79896755161669	-2.95899964676824	-2.95899964676824	-2.95899964676824
Barcode103	9.08217219769945	-2.95899964676824	-2.95899964676824	-2.95899964676824
Barcode773	9.16822332273575	-2.95899964676824	-2.95899964676824	-2.95899964676824
Barcode941	9.2237588031096	-2.95899964676824	-2.95899964676824	-2.95899964676824
Barcode718	10.1860507449667	-2.95899964676824	-2.95899964676824	-2.95899964676824
Barcode870	9.06432845749081	-2.95899964676824	-2.95899964676824	-2.95899964676824
Barcode650	9.07426888044157	-2.95899964676824	-2.95899964676824	-2.95899964676824
Barcode841	9.02591759262347	-2.95899964676824	-2.95899964676824	-2.95899964676824
Barcode800	8.12903532482719	-2.95899964676824	-2.95899964676824	-2.95899964676824
CGATGTAGT	9.33542855662763	-2.95899964676824	-2.95899964676824	-2.95899964676824
Barcode564	9.05833116091419	-2.95899964676824	-2.95899964676824	-2.95899964676824
Barcode677	9.74936058930117	-2.95899964676824	-2.95899964676824	-2.95899964676824
Barcode451	9.21120065957759	-2.95899964676824	-2.95899964676824	-2.95899964676824
Barcode208	9.04827992991693	-2.95899964676824	-2.95899964676824	-2.95899964676824
Barcode725	10.2409169996124	-2.95899964676824	-2.95899964676824	-2.95899964676824
Barcode589	10.8203754636654	-2.95899964676824	-2.95899964676824	-2.95899964676824
Barcode628	9.31293607026624	-2.95899964676824	-2.95899964676824	-2.95899964676824
Barcode752	9.11432331952412	-2.95899964676824	-2.95899964676824	-2.95899964676824
TGGCATGGT	8.00772023562274	-2.95899964676824	-2.95899964676824	-2.95899964676824
Barcode370	12.2216995760809	-2.95899964676824	-2.95899964676824	-2.95899964676824
Barcode947	9.6080269303314	-2.95899964676824	-2.95899964676824	-2.95899964676824
Barcode212	10.1054572440571	-2.95899964676824	-2.95899964676824	-2.95899964676824
Barcode480	9.12870391658529	-2.95899964676824	-2.95899964676824	-2.95899964676824
Barcode41	11.3036620266381	-2.95899964676824	-2.95899964676824	-2.95899964676824
Barcode386	9.12296886753877	-2.95899964676824	-2.95899964676824	-2.95899964676824
Barcode267	10.0626579931965	-2.95899964676824	-2.95899964676824	-2.95899964676824
Barcode227	9.060333031142	-2.95899964676824	-2.95899964676824	-2.95899964676824
Barcode674	10.6058535856198	-2.95899964676824	-2.95899964676824	-2.95899964676824
Barcode483	11.6587793800969	-2.95899964676824	-2.95899964676824	-2.95899964676824
CTATGAAGT	7.93321151022933	-2.95899964676824	-2.95899964676824	-2.95899964676824
Barcode199	9.31712788882996	-2.95899964676824	-2.95899964676824	-2.95899964676824
Barcode136	8.75761795433179	-2.95899964676824	-2.95899964676824	-2.95899964676824
Barcode747	10.723902440354	-2.95899964676824	-2.95899964676824	-2.95899964676824
Barcode249	9.1976230832773	-2.95899964676824	-2.95899964676824	-2.95899964676824
Barcode413	12.9787228398315	-2.95899964676824	-2.95899964676824	-2.95899964676824
Barcode256	9.19398071099656	-2.95899964676824	-2.95899964676824	-2.95899964676824
Barcode845	9.2746513255432	-2.95899964676824	-2.95899964676824	-2.95899964676824
Barcode611	10.1915408984202	-2.95899964676824	-2.95899964676824	-2.95899964676824
Barcode311	8.19247322038577	-2.95899964676824	-2.95899964676824	-2.95899964676824
Barcode462	10.4877282872572	-2.95899964676824	-2.95899964676824	-2.95899964676824
Barcode499	9.24151147804118	-2.95899964676824	-2.95899964676824	-2.95899964676824
Barcode443	9.10368569208635	-2.95899964676824	-2.95899964676824	-2.95899964676824
Barcode493	10.1213649772558	-2.95899964676824	-2.95899964676824	-2.95899964676824
Barcode99	9.08512481506649	-2.95899964676824	-2.95899964676824	-2.95899964676824
Barcode913	9.19398071099656	-2.95899964676824	-2.95899964676824	-2.95899964676824
Barcode613	10.2426810375123	-2.95899964676824	-2.95899964676824	-2.95899964676824
TGGCTTGTT	9.37778361830645	-2.95899964676824	-2.95899964676824	-2.95899964676824
Barcode887	9.12679476557833	-2.95899964676824	-2.95899964676824	-2.95899964676824
CGCCCCTTT	7.87753196269718	-2.95899964676824	-2.95899964676824	-2.95899964676824
TGTCATGTT	7.04731368436675	-2.95899964676824	-2.95899964676824	-2.95899964676824
Barcode971	9.1829980915779	-2.95899964676824	-2.95899964676824	-2.95899964676824
Barcode939	8.97482854779647	-2.95899964676824	-2.95899964676824	-2.95899964676824
Barcode425	9.2746513255432	-2.95899964676824	-2.95899964676824	-2.95899964676824
Barcode430	13.3054015481039	-2.95899964676824	-2.95899964676824	-2.95899964676824
Barcode138	10.1271063930084	-2.95899964676824	-2.95899964676824	-2.95899964676824
Barcode914	10.0318736515368	-2.95899964676824	-2.95899964676824	-2.95899964676824
Barcode38	8.62729520975786	-2.95899964676824	-2.95899964676824	-2.95899964676824
Barcode909	9.25118312966263	-2.95899964676824	-2.95899964676824	-2.95899964676824
Barcode24	10.2800953100193	-2.95899964676824	-2.95899964676824	-2.95899964676824
Barcode403	15.3374691989963	-2.95899964676824	-2.95899964676824	-2.95899964676824
Barcode197	9.05331429874157	-2.95899964676824	-2.95899964676824	-2.95899964676824
Barcode631	9.08020042364523	-2.95899964676824	-2.95899964676824	-2.95899964676824
Barcode496	10.9155072976002	-2.95899964676824	-2.95899964676824	-2.95899964676824
Barcode239	9.20849534764587	-2.95899964676824	-2.95899964676824	-2.95899964676824
Barcode880	9.82666585856889	-2.95899964676824	-2.95899964676824	-2.95899964676824
Barcode679	9.01769911965764	-2.95899964676824	-2.95899964676824	-2.95899964676824
Barcode233	10.1151192171408	-2.95899964676824	-2.95899964676824	-2.95899964676824
Barcode507	9.04018821944565	-2.95899964676824	-2.95899964676824	-2.95899964676824
Barcode649	13.8821055515545	-2.95899964676824	-2.95899964676824	-2.95899964676824
TCCCAGTCT	7.46200045852174	-2.95899964676824	-2.95899964676824	-2.95899964676824
Barcode252	9.25817655576759	-2.95899964676824	-2.95899964676824	-2.95899964676824
Barcode901	10.6929465654584	-2.95899964676824	-2.95899964676824	-2.95899964676824
Barcode414	10.1337759601203	-2.95899964676824	-2.95899964676824	-2.95899964676824
Barcode397	9.15891166026238	-2.95899964676824	-2.95899964676824	-2.95899964676824
TGGCATTTT	7.06735993256722	-2.95899964676824	-2.95899964676824	-2.95899964676824
Barcode62	9.34120314764688	-2.95899964676824	-2.95899964676824	-2.95899964676824
Barcode481	10.4343149544669	-2.95899964676824	-2.95899964676824	-2.95899964676824
CGATGAGGT	7.39378217427331	-2.95899964676824	-2.95899964676824	-2.95899964676824
Barcode45	9.14671594654666	-2.95899964676824	-2.95899964676824	-2.95899964676824
TGGCAAGTT	8.12330159567547	-2.95899964676824	-2.95899964676824	-2.95899964676824
Barcode912	9.05732918316956	-2.95899964676824	-2.95899964676824	-2.95899964676824
Barcode954	10.1754691923747	-2.95899964676824	-2.95899964676824	-2.95899964676824
Barcode710	10.071121477376	-2.95899964676824	-2.95899964676824	-2.95899964676824
Barcode407	11.374560803492	-2.95899964676824	-2.95899964676824	-2.95899964676824
Barcode849	9.30113376604363	-2.95899964676824	-2.95899964676824	-2.95899964676824
Barcode738	12.8121540865696	-2.95899964676824	-2.95899964676824	-2.95899964676824
Barcode88	9.07228626760284	-2.95899964676824	-2.95899964676824	-2.95899964676824
Barcode119	9.12392629365077	-2.95899964676824	-2.95899964676824	-2.95899964676824
Barcode940	9.4228258791128	-2.95899964676824	-2.95899964676824	-2.95899964676824
Barcode331	11.1291707144588	-2.95899964676824	-2.95899964676824	-2.95899964676824
Barcode943	9.1191327965766	-2.95899964676824	-2.95899964676824	-2.95899964676824
Barcode968	11.3319024728633	-2.95899964676824	-2.95899964676824	-2.95899964676824
ACATGAGCT	9.20397519058891	-2.95899964676824	-2.95899964676824	-2.95899964676824
TGGCATGTA	8.43394533094929	-2.95899964676824	-2.95899964676824	-2.95899964676824
Barcode570	10.3026788432973	-2.95899964676824	-2.95899964676824	-2.95899964676824
Barcode330	9.11817218296981	-2.95899964676824	-2.95899964676824	-2.95899964676824
Barcode969	9.20849534764587	-2.95899964676824	-2.95899964676824	-2.95899964676824
Barcode675	8.61645136860168	-2.95899964676824	-2.95899964676824	-2.95899964676824
Barcode482	10.5255333901684	-2.95899964676824	-2.95899964676824	-2.95899964676824
Barcode850	9.19215607058029	-2.95899964676824	-2.95899964676824	-2.95899964676824
Barcode275	10.7140813562075	-2.95899964676824	-2.95899964676824	-2.95899964676824
Barcode310	10.5715255912724	-2.95899964676824	-2.95899964676824	-2.95899964676824
TGATGAAGT	9.45741813500207	-2.95899964676824	-2.95899964676824	-2.95899964676824
Barcode543	8.16668866175501	-2.95899964676824	-2.95899964676824	-2.95899964676824
Barcode605	9.20125628281403	-2.95899964676824	-2.95899964676824	-2.95899964676824
Barcode250	9.32547516337238	-2.95899964676824	-2.95899964676824	-2.95899964676824
Barcode602	9.09589967110086	-2.95899964676824	-2.95899964676824	-2.95899964676824
Barcode67	9.06831284938393	-2.95899964676824	-2.95899964676824	-2.95899964676824
Barcode897	8.98856007919259	-2.95899964676824	-2.95899964676824	-2.95899964676824
Barcode688	9.88994333428195	-2.95899964676824	-2.95899964676824	-2.95899964676824
Barcode442	9.01872899275615	-2.95899964676824	-2.95899964676824	-2.95899964676824
Barcode459	9.15141881422749	-2.95899964676824	-2.95899964676824	-2.95899964676824
Barcode569	10.0511277911415	-2.95899964676824	-2.95899964676824	-2.95899964676824
Barcode321	10.2890858338842	-2.95899964676824	-2.95899964676824	-2.95899964676824
Barcode978	10.3211625439309	-2.95899964676824	-2.95899964676824	-2.95899964676824
Barcode938	10.1809996844294	-2.95899964676824	-2.95899964676824	-2.95899964676824
CGATGATGT	10.8493189317276	-2.95899964676824	-2.95899964676824	-2.95899964676824
Barcode600	9.26687093384204	-2.95899964676824	-2.95899964676824	-2.95899964676824
Barcode214	11.4415621174796	-2.95899964676824	-2.95899964676824	-2.95899964676824
Barcode478	11.7733498927185	-2.95899964676824	-2.95899964676824	-2.95899964676824
Barcode358	10.5043670711442	-2.95899964676824	-2.95899964676824	-2.95899964676824
Barcode673	10.11077933505	-2.95899964676824	-2.95899964676824	-2.95899964676824
Barcode90	11.8223899284203	-2.95899964676824	-2.95899964676824	-2.95899964676824
Barcode390	15.3429915525157	-2.95899964676824	-2.95899964676824	-2.95899964676824
Barcode721	10.213294940408	-2.95899964676824	-2.95899964676824	-2.95899964676824
Barcode615	11.7922934180357	-2.95899964676824	-2.95899964676824	-2.95899964676824
Barcode754	9.40639451794738	-2.95899964676824	-2.95899964676824	-2.95899964676824
Barcode609	9.45969505944693	-2.95899964676824	-2.95899964676824	-2.95899964676824
Barcode271	9.09687522479809	-2.95899964676824	-2.95899964676824	-2.95899964676824
CGGTGAAGT	7.63852378352258	-2.95899964676824	-2.95899964676824	-2.95899964676824
Barcode806	12.2027939858639	-2.95899964676824	-2.95899964676824	-2.95899964676824
Barcode700	10.00873530576	-2.95899964676824	-2.95899964676824	-2.95899964676824
Barcode495	10.6812866523551	-2.95899964676824	-2.95899964676824	-2.95899964676824
Barcode415	9.23620857515729	-2.95899964676824	-2.95899964676824	-2.95899964676824
Barcode276	11.8018970675884	-2.95899964676824	-2.95899964676824	-2.95899964676824
Barcode6	9.12392629365077	-2.95899964676824	-2.95899964676824	-2.95899964676824
Barcode248	10.9679021685703	-2.95899964676824	-2.95899964676824	-2.95899964676824
Barcode494	8.93173883900966	-2.95899964676824	-2.95899964676824	-2.95899964676824
Barcode104	10.1615494913112	-2.95899964676824	-2.95899964676824	-2.95899964676824
Barcode656	11.4939722989599	-2.95899964676824	-2.95899964676824	-2.95899964676824
Barcode217	11.338310008288	-2.95899964676824	-2.95899964676824	-2.95899964676824
B6955	-2.95899964676824	10.2636937583511	11.9597026520783	11.1222142926351
CGACGGATCGTACGATTCTCACCCC	-2.95899964676824	7.14971120789757	9.53225338890624	7.86227306505257
TTGTCCGTAGAATTGCTACCTCAAG	-2.95899964676824	4.90557990190359	7.29562773080127	5.25164384317118
B917	-2.95899964676824	11.955019996485	-2.95899964676824	-2.95899964676824
TCTAACTAGCCGGGTGCACGCAATA	-2.95899964676824	6.37052493625391	8.67538047919729	7.42277305069916
GGCAGCCTGCCACTAGCATCTCTAG	-2.95899964676824	4.60584664785794	7.06487830393996	5.42102763747961
CGGCCCAGTTGGGATACTATGCAAC	-2.95899964676824	7.41032858169081	3.08551631442811	-2.95899964676824
GGCAGCCAGCCCCTAGCATCTCTAG	-2.95899964676824	5.67712572161633	8.40981235562384	6.487239984785
TGATACGGCGAGAGGAACAGAAACC	-2.95899964676824	6.4077487478145	7.72099501486933	6.42882990978987
TGCATAACTCGTAAGTTGGCCGACG	-2.95899964676824	8.56777406252965	-2.95899964676824	3.43396090057495
ATACAACGAACAGCCTATATGCGAG	-2.95899964676824	8.3012152978116	3.08551631442811	-2.95899964676824
TTGTCCGAAGAATTGCAACCTCAAG	-2.95899964676824	5.15362575279017	7.38652922110778	5.83498211303045
CGCATCTGGGGGTTGATCTAAACGC	-2.95899964676824	5.36521591548245	7.24351991790608	5.25164384317118
B913	-2.95899964676824	15.8288739169545	-2.95899964676824	10.7104007644342
ATCAGCTGCGCCCATCCAACAAATA	-2.95899964676824	7.31165659879695	8.57704736988287	7.34066788110847
CGCATCATGGGGTTGATCTAAACGC	-2.95899964676824	6.30889397039314	7.965771582885	6.60622330542994
B10750	-2.95899964676824	11.8848137371454	-2.95899964676824	-2.95899964676824
ATCAGATGCGCCCATCCTACAAATA	-2.95899964676824	5.66487838395398	7.27846672979639	6.06970951000406
CGGCCCTGTAGGGATACTATGCAAC	-2.95899964676824	7.11411996330101	2.25490002697859	-2.95899964676824
GGCAGCCAGCCACTAGCAGCTCTAG	-2.95899964676824	5.81651572799902	8.17497976116057	6.487239984785
B11187	-2.95899964676824	10.2545282543348	-2.95899964676824	-2.95899964676824
TTCAGATGCGCCCATCCAACAAATA	-2.95899964676824	5.89201177547235	7.28707274662512	6.11980082834083
TTGTCAGAAGAATTGCTACCTCAAG	-2.95899964676824	5.13598809923343	7.29562773080127	5.70974668169351
GGGGGTTTTGATCCGACCTCACTGC	-2.95899964676824	7.39928178297185	3.60929002391139	3.5842462431597
CGGCCCTGTTGGGATACTAAGCAAC	-2.95899964676824	8.80807427332417	4.36204917104618	-2.95899964676824
GCACCCATCGTCGTCAGGTACATCA	-2.95899964676824	6.66919314517743	8.12784999544238	6.53417117730957
CGCAGCTTGGGGTTGATCTAAACGC	-2.95899964676824	6.133347467663	7.97645278456254	6.09497255868281
TTGTCCGAAGAATTGCTTCCTCAAG	-2.95899964676824	6.81486870726742	9.35123185825967	7.46213736255491
CGACGGATCGTACGAATCTCACACC	-2.95899964676824	5.652526185278	12.2560966168531	11.9199017308779
GCACCCAACGTCGTCAGGTACCTCA	-2.95899964676824	5.68926996367313	7.3209924514603	5.38050937537069
GGGTGTTTTGATCCGCCCTCACTGC	-2.95899964676824	10.4244363799012	6.76563777636862	5.70974668169351
CGCATCTTGGGGGTGATCTAAACGC	-2.95899964676824	7.44297035228786	9.43493157975468	7.75541919414588
CACTGATCGGGGTGATGGACCAACT	-2.95899964676824	7.30772337516845	3.60929002391139	-2.95899964676824
GGCAGCCAGCCACTTGCATCTCTAG	-2.95899964676824	6.86390811949259	9.4154390511778	7.56063171023343
ATACCACGAACAGCCTTTATGCGAG	-2.95899964676824	7.28389615091974	1.94265729155965	-2.95899964676824
GGGAGCGCTCCTTAAGAGTAATCGG	-2.95899964676824	7.2391638055034	6.19987377891867	-2.95899964676824
TGCTACGGCGAGAGGAACAGTAACC	-2.95899964676824	7.38814974518101	9.25581418008155	7.4909713893653
B921	-2.95899964676824	16.2081301061006	7.00353800825577	9.42570030981472
ATACGCCGTGTCCGTCCGTCTAAAC	-2.95899964676824	2.6285260750041	8.18422373593061	5.00743290629903
CGGCCCTGTTGGGAGACTATGCAAC	-2.95899964676824	7.87379225437436	3.81371244187306	-2.95899964676824
B4448	-2.95899964676824	10.2256351814541	14.9693024926644	12.4466245760252
TTGTCCGAAGAATTGCTACATCAAG	-2.95899964676824	4.81980413931868	7.04471993955304	5.62556803558385
CGCATCTTGGGGTTGATATAAACGC	-2.95899964676824	6.07900133581629	7.71462938104321	6.34707865237266
B8742	-2.95899964676824	11.8519357861141	-2.95899964676824	-2.95899964676824
TGATTCGGCGAGAGGAACAGTAACC	-2.95899964676824	6.8851795586801	8.71418767989901	6.94870811131642
CAGTCATAGAGACTCCCCCCTGACA	-2.95899964676824	7.88966663531611	-2.95899964676824	-2.95899964676824
TCGTCTTTGAGGGAGACACTTGACT	-2.95899964676824	5.99343948335598	7.52393193975508	5.72600866149572
CGACGGCTCGTACGAATCTCACCCC	-2.95899964676824	5.23871765437898	7.92223796455985	6.22652544936182
GCACCCAACGTCGTCAGGTTCATCA	-2.95899964676824	6.44403623425347	7.94960002589901	6.40882227590872
ATACCACGAACAGCCGATATGCGAG	-2.95899964676824	7.39928178297185	2.91832087542625	-2.95899964676824
TCTATCTAGCCGGGTGCACGCAAAA	-2.95899964676824	5.79419935408312	7.98705548723933	6.90652448780264
B4442	-2.95899964676824	15.3042140768832	16.1766215553074	14.7645954661191
AGATACGGCGAGAGGAACAGTAACC	-2.95899964676824	5.70131283132161	7.26109913708352	5.95020928639702
CGACGGATCGTACGAATCTCACCAC	-2.95899964676824	5.38027591878433	7.1140753203488	5.64280128767141
ATACCACGAACAGCCTATTTGCGAG	-2.95899964676824	7.71357711057658	3.08551631442811	-2.95899964676824
TGCATTACTCGTAAGTTGGACGACG	-2.95899964676824	7.28389615091974	-2.95899964676824	2.09811886142551
GTGGCTCATAAAATCGTCCCGTAAT	-2.95899964676824	7.03067642869644	9.14182287790906	6.96249960642421
B4450	-2.95899964676824	14.3578067582955	16.1950655490628	15.0497417944731
GGGTGGTTTGATCCGACCTCACTGC	-2.95899964676824	7.32339233712614	4.48682799538172	2.73435099945916
B915	-2.95899964676824	14.92552491639	10.0909537009802	9.56102800318141
GGCAGCCAGCCACTAGCATCTCTTG	-2.95899964676824	6.29306587797593	8.52342780856183	7.00310026625281
TCGTCTATGAGGGAGACACTTGAGT	-2.95899964676824	5.39518033647011	7.1140753203488	4.95320695859244
CGACGGATCGTACGCATCTCACCCC	-2.95899964676824	6.42963058030985	8.77050874514575	6.9829427557787
TGATACGGCGAGAGGAACAGTTACC	-2.95899964676824	6.7233462907865	8.46773822699191	6.79533151210053
CGCATCTTGGGGTTGATCTAAACTC	-2.95899964676824	5.67712572161633	7.23464932433476	5.89374578458473
CACTGAGCGGGGTGATGGACCTACT	-2.95899964676824	7.73716566641656	4.42578717942269	1.62992238666481
CACTGATCGGGGTGATGGCCCTACT	-2.95899964676824	11.2380120347066	7.93871739545757	3.90307722304692
AGCTTTGTGTCACCCTCCATAGATT	-2.95899964676824	7.38814974518101	-2.95899964676824	-2.95899964676824
TCGGCTATGAGGGAGACACTTGACT	-2.95899964676824	6.84231834974631	8.44484620986909	6.49674915287039
TCGTCTATGTGGGAGACACTTGACT	-2.95899964676824	6.45829946526323	7.89434690705502	5.74208937843596
CGCATCTTGGGGTGGATCTAAACGC	-2.95899964676824	5.0631987114147	7.15225962785943	5.20599724018951
GTGGCACATAAATTCGTCCCGTAAT	-2.95899964676824	5.43899141540257	7.75240857046089	5.51760795002023
B4445	-2.95899964676824	14.3191320220587	15.8474481685603	15.2927431873059
GCTCCCAACGTCGTCAGGTACATCA	-2.95899964676824	5.98361164386598	7.65603828380383	5.75799282887413
TCTAACTAGCCGGGTGCACGCAAAT	-2.95899964676824	6.84231834974631	9.01027069047621	7.89500375173344
ATACCACGCACAGCCTATATGCGAG	-2.95899964676824	8.63523973500105	4.54539065478789	-2.95899964676824
TCGTCTATGAGGGAGACACTTGACA	-2.95899964676824	6.29306587797593	7.32934921716077	5.69329930598416
CGCCGGATCGTACGAATCTCCCCCC	-2.95899964676824	5.61482207338246	7.86590599508866	5.87927773535937
TTGTCCGAAGAATTGCTCCCTCAAG	-2.95899964676824	5.31906903658999	7.94416897197409	5.93629922901564
TGATACGGCGAGAGGTACAGTAACC	-2.95899964676824	6.34772074199488	8.00281485438168	6.33652616874783
CGCATCTTGGGGTTGATCTAACCGC	-2.95899964676824	6.94210874269213	9.15363594914882	7.26478089851779
CGGCCCTGTTGGGATACTATGCATC	-2.95899964676824	9.03318931687073	5.10840856756619	-2.95899964676824
TCGTCTATGAGGGAGCCACTTGACT	-2.95899964676824	9.719590441855	11.1326512763671	9.19106302878137
B7255	-2.95899964676824	9.97281007579813	-2.95899964676824	-2.95899964676824
TCGTCGATGAGGGAGACACTTGACT	-2.95899964676824	6.58719881646952	8.0440171413264	6.00454592581686
B4449	-2.95899964676824	14.3600043910224	15.1909896929257	14.6201479945009
AGCTTTGAGTCACCCTCCATAGTTT	-2.95899964676824	7.0637025712867	0.99013213067701	-2.95899964676824
CCGTCAGCGAATGATCCTTTGACTG	-2.95899964676824	7.132025337187	2.72917766359667	1.88293077864756
CACTGATCGGGGAGATGGACCTACT	-2.95899964676824	7.63413658511036	3.60929002391139	0.93237828504765
TGAGACGGCGAGAGGAACAGTAACC	-2.95899964676824	7.11411996330101	8.95193330308955	7.40268065342803
TGCTTTGTGTCACCCTCCATAGTTT	-2.95899964676824	7.25966878371823	-2.95899964676824	0.93237828504765
TAGTCCGAAGAATTGCTACCTCAAG	-2.95899964676824	5.15362575279017	7.32934921716077	5.86466312242974
CACTGATCGGGGTGAAGGACCTACT	-2.95899964676824	7.33503337978238	3.37104341727596	0.3952245199153
CGCATCTTGGGGTTGATCTATACGC	-2.95899964676824	5.94361679678229	7.95501071116859	5.92225374802128
TCCAGTGCCCGGAAGAAACGATTTA	-2.95899964676824	7.12310042814814	2.72917766359667	-2.95899964676824
ATCCCACGAACAGCCTATATGCGAG	-2.95899964676824	7.97398446872537	4.0745461266579	-2.95899964676824
AGCTTTGTGTCACCCTCCAGAGTTT	-2.95899964676824	7.0637025712867	-2.95899964676824	-2.95899964676824
B7758	-2.95899964676824	10.2447899653501	-2.95899964676824	-2.95899964676824
CGCATCTTGGGGTTGAGCTAAACGC	-2.95899964676824	5.43899141540257	7.43379916713981	5.20599724018951
GGCAGCCCGCCACTAGCATCTCTAG	-2.95899964676824	5.93344240918008	8.48280023025783	6.64949439314333
TCCAGTGCCCGGATGAAACGATTAA	-2.95899964676824	7.85504864387028	2.91832087542625	-2.95899964676824
TCGTCTATGAGGGAGACCCTTGACT	-2.95899964676824	7.11411996330101	8.24290760659553	6.23791070272818
CACTGCTCGGGGTGATGGACCTACT	-2.95899964676824	8.74838551731233	5.6785536794363	1.32290386870737
TTACCACGAACAGCCTATATGCGAG	-2.95899964676824	7.22254736932659	3.37104341727596	-2.95899964676824
CGCATCTTGGGGTTGATCTTAACGC	-2.95899964676824	5.92319575832777	8.11340551649613	6.06970951000406
B4441	-2.95899964676824	15.49620490118	16.8798771294124	15.7852155597386
CACTGATAGGGGTGATGGACCTACT	-2.95899964676824	7.36940331402305	3.23533203351656	-2.95899964676824
B6722	-2.95899964676824	13.547632275262	-2.95899964676824	-2.95899964676824
CGGCCGTGTTGGGATACTATGCAAC	-2.95899964676824	7.68353848526439	4.36204917104618	-2.95899964676824
B1077	-2.95899964676824	10.968052657727	-2.95899964676824	9.52546688819743
B5828	-2.95899964676824	10.2014609239463	-2.95899964676824	-2.95899964676824
B4446	-2.95899964676824	15.5529134125532	16.6755174156452	15.590891910341
CGCATCTTTGGGTTGATCTAAACGC	-2.95899964676824	5.40993235042056	7.06487830393996	5.27393673193566
CGCATCTTGTGGTTGATCTAAACGC	-2.95899964676824	5.40993235042056	7.09459736633285	5.72600866149572
B10844	-2.95899964676824	8.39688205864682	-2.95899964676824	-2.95899964676824
B10988	-2.95899964676824	11.1963384820775	10.9441899563869	10.4398084566484
CGACGGATCGTACGAATCTCGCCCC	-2.95899964676824	5.9737163963094	8.35356583315338	6.34707865237266
CGACGGATCGAACGAATCTCACCCC	-2.95899964676824	4.88460931491585	7.12371656170967	5.67666225833197
AGCTTTGTGTCTCCCTCCATAGTTT	-2.95899964676824	8.24884292594147	0.99013213067701	1.62992238666481
CGGCCCGGTTGGGATACTATGCAAC	-2.95899964676824	8.18809307095465	4.15196894315226	-2.95899964676824
TGCATATCTCGTAAGTTGGACGACG	-2.95899964676824	7.23087951004047	-2.95899964676824	2.09811886142551
ACGTCAGCGAATGATCCTTTGCCTG	-2.95899964676824	8.42075012556299	4.22544759940998	3.26618021556828
TCGTCTATGAGGGAGACACTTGCCT	-2.95899964676824	7.56001983354138	9.06133236011884	7.02298001007335
CGACGGATCGTTCGAATCTCACCCC	-2.95899964676824	5.91287581038349	8.52342780856183	6.78760484409925
CGCATCTTGGGGTTGCTCTAAACGC	-2.95899964676824	7.10054357283813	9.26673317766858	7.34593864565612
CGGCCCTGTTGGGATACTTTGCAAC	-2.95899964676824	8.48311411099289	4.42578717942269	-2.95899964676824
B919	-2.95899964676824	13.890828350312	12.3581479707834	-2.95899964676824
CACTGATCGGGGTGATGGTCCTACT	-2.95899964676824	8.87738278947287	5.56990339984967	1.32290386870737
ATACCTCGAACAGCCTATATGCGAG	-2.95899964676824	8.4918071939284	4.65583328241589	-2.95899964676824
GTGTCCGAAGAATTGCTACCTCAAG	-2.95899964676824	5.45330436238621	8.1703354671643	6.22652544936182
CGCATCTTGGGGTTGAACTAAACGC	-2.95899964676824	6.06974122864899	7.76478494073063	6.32589593070261
ATACGACGTGTCCGTCCGTCTAATC	-2.95899964676824	1.44559280145404	7.78922364677451	4.38495632969702
CGCATCTTGGGGATGATCTAAACGC	-2.95899964676824	6.06974122864899	7.68888219961232	6.37828074739804
CGACGGAGCGTACGAATCTCACCCC	-2.95899964676824	3.061181510355	10.7617246011817	9.50558695758562
AAACCACGAACAGCCTATATGCGAG	-2.95899964676824	7.5197837889798	2.51144121378404	-2.95899964676824
CGGCCCTGATGGGATACTATGCAAC	-2.95899964676824	7.48885278554575	2.51144121378404	-2.95899964676824
CGCCGGATCGTACGAATCTCACACC	-2.95899964676824	1.65822115326012	7.22572385118497	6.46803152548429
ATACCACGAACAGCCTATAAGCGAG	-2.95899964676824	7.92604138332193	3.60929002391139	-2.95899964676824
CGCATCTAGGGGTTGATCTAAACGC	-2.95899964676824	6.4864097318128	8.24732440495224	6.81066179981809
B4451	-2.95899964676824	14.4054553696005	16.325898978585	15.160805413442
TTGTCCGAAGAAATGCTACCTCAAG	-2.95899964676824	5.04441270177436	7.15225962785943	5.81990943382424
GGCAGCCAGCCACTAGCTTCTCTAG	-2.95899964676824	7.01628760095734	9.54307178016223	7.75937485526364
B8983	-2.95899964676824	12.2249976759313	-2.95899964676824	-2.95899964676824
B11455	-2.95899964676824	10.1693079799523	-2.95899964676824	-2.95899964676824
TCGTCTATGAGGGAGACTCTTGACT	-2.95899964676824	7.3155791284151	8.77968547727738	6.60622330542994
AGCTTTGTGTCACCCTCCTTAGTTT	-2.95899964676824	7.46079054610433	-2.95899964676824	-2.95899964676824
ATCAGATGCGCCCATCCAACAAATT	-2.95899964676824	6.16847320677539	7.46447337311865	6.32589593070261
CGCATCTTGGGGTTGTTCTAAACGC	-2.95899964676824	5.94361679678229	7.8427425526774	6.03096559311246
GCCCCCAACGTCGTCAGGTACATCA	-2.95899964676824	8.41710371921249	9.9175130954256	8.3241602695479
GGCAGCCAGACACTAGCATCTCTAG	-2.95899964676824	4.60584664785794	7.1140753203488	5.5904713954129
TGATACGGCGAGTGGAACAGTAACC	-2.95899964676824	6.20276401674574	8.03382635981073	6.28257395402118
GGGTGTTTTGCTCCGACCTCACTGC	-2.95899964676824	7.91832363005428	3.90599696922331	2.59963286504358
B924	-2.95899964676824	13.8789899983192	-2.95899964676824	-2.95899964676824
CGCATCTTGGGGTAGATCTAAACGC	-2.95899964676824	5.80540069080294	7.52393193975508	6.15626000321629
ACGTCAGCGAATGATCCTTTGATTG	-2.95899964676824	12.444961829107	-2.95899964676824	-2.95899964676824
TCCAGTGCCCGGAAGAATCGATTAA	-2.95899964676824	7.73130458641333	2.51144121378404	-2.95899964676824
B7624	-2.95899964676824	9.8161973735606	-2.95899964676824	9.48184259126607
TCGTCTATGAGGGAGGCACTTGACT	-2.95899964676824	5.31906903658999	7.18945930274211	4.89686297514018
CGACGGTTCGTACGAATCTCACCCC	-2.95899964676824	4.47166388840368	7.04471993955304	5.31751495965399
TGATACGGCGAGAGGAACAGTAACA	-2.95899964676824	6.02252758375542	7.33765785520261	6.22652544936182
CGACGGATCGTACGAATCACACCCC	-2.95899964676824	5.17105037913345	7.22572385118497	5.70974668169351
TGATACGGCGAGAGGAACTGTAACC	-2.95899964676824	5.67712572161633	7.54561196471258	5.72600866149572
TGATACGGCGTGAGGAACAGTAACC	-2.95899964676824	6.28508623192639	8.12784999544238	6.31518678388206
AGCTTTGTGTCACACTCCATAGTTT	-2.95899964676824	7.98879926562968	-2.95899964676824	0.93237828504765
B4447	-2.95899964676824	13.1588329881203	14.8057142157016	13.0858923415063
TTGTCCGATGAATTGCTACCTCAAG	-2.95899964676824	5.99343948335598	8.53431233357715	6.57064700462231
CGCATGTTGGGGTTGATCTAAACGC	-2.95899964676824	5.96375280960744	7.89434690705502	6.26041515824382
TTGTCCGAAGAATAGCTACCTCAAG	-2.95899964676824	5.36521591548245	7.26109913708352	5.72600866149572
TCTAACTAGCCGGGTGCCCGCAAAA	-2.95899964676824	6.49335254387318	8.68843254360958	7.40773004732736
TGATACGGCGAGAGGAACAGTATCC	-2.95899964676824	6.80374092449893	8.51246053973787	6.88496093979465
TGATACGGCGAGAGGAACAGTAAAC	-2.95899964676824	6.06974122864899	7.22572385118497	6.10744010356641
CGGCCCTGGTGGGATACTATGCAAC	-2.95899964676824	8.3593731203935	3.99273158591644	-2.95899964676824
CGACGGATCGTACGAAACTCACCCC	-2.95899964676824	5.58912719449903	7.42602761694558	5.97763340305381
CACTGAACGGGGTGATGGACCTACT	-2.95899964676824	7.54004207711461	3.23533203351656	-2.95899964676824
CGCATCTTGGGGTTGATCTAAAAGC	-2.95899964676824	5.28746345288447	7.18024892084669	5.53617170341494
GGCAGCCAGCCACTAGCATCTCGAG	-2.95899964676824	4.96672250117577	7.80128948940409	6.15626000321629
TGCATAACTCGTAAGTTGGACGAGC	-2.95899964676824	8.42256987844723	-2.95899964676824	3.90307722304692
TCGTCTATGAGGGAGACACGTGACT	-2.95899964676824	5.92319575832777	7.47204109280734	5.69329930598416
CTCTGATCGGGGTGATGGACCTACT	-2.95899964676824	7.59594233509665	4.15196894315226	0.93237828504765
CGCATCTTGGGGTTGATCTAAACGA	-2.95899964676824	5.91287581038349	7.77093353754698	5.9080701805914
CGACGGATCGTACGAATCTCCCCCC	-2.95899964676824	9.14653050065789	11.4743617419791	9.83193174268722
AGCTTTGTGTCACCCTCCATTGTTT	-2.95899964676824	8.02038543767134	-2.95899964676824	0.93237828504765
ACGTCAGCGATTGATCCTTTGACTG	-2.95899964676824	7.25150173142796	3.37104341727596	2.59963286504358
CGCATCTTGGGGTTGATCTAATCGC	-2.95899964676824	5.38027591878433	7.41035778561336	5.44086787220071
TCGTCTATGAGGGAGACACATGACT	-2.95899964676824	7.02109983983618	7.76478494073063	6.31518678388206
TTGTCCGAAGATTTGCTACCTCAAG	-2.95899964676824	6.45118547639847	8.9218554718149	6.99641234103112
GAGACTGGCTTTAAGGCATAGCCCT	-2.95899964676824	4.7975389684651	7.46447337311865	5.53617170341494
CGGCCCTGTTGGGATACTATGCTAC	-2.95899964676824	7.56332272841771	3.49507914689812	-2.95899964676824
TCTAACTAGCCGGGTGCACGCTAAA	-2.95899964676824	5.72510111585182	7.98705548723933	6.54337695623948
CGGATCTTGGGGTTGATCTAAACGC	-2.95899964676824	4.47166388840368	6.12504632505561	9.63178329171046
GTGGCACATAAAATCGTCCCGTATT	-2.95899964676824	5.81651572799902	8.16100178463753	5.83498211303045
GCACCCAACGTCGTCAGGTACATCT	-2.95899964676824	5.28746345288447	7.12371656170967	5.03380023770857
B914	-2.95899964676824	15.0094776084822	9.07630498120096	-2.95899964676824
GTGGCACATTAAATCGTCCCGTAAT	-2.95899964676824	5.02537883972943	7.52393193975508	5.42102763747961
CCCTGATCGGGGTGATGGACCTACT	-2.95899964676824	8.29725346551195	4.85419209263293	1.88293077864756
TCTAACTTGCCGGGTGCACGCAAAA	-2.95899964676824	4.92625002884565	7.16164985626446	5.95020928639702
CGCTTTGTGTCACCCTCCATAGTTT	-2.95899964676824	7.27988640476582	-2.95899964676824	2.09811886142551
CGCTTCTTGGGGTTGATCTAAACGC	-2.95899964676824	7.14531002455234	9.12271843423481	7.59645279203073
GGCCGCCAGCCACTAGCATCTCTAG	-2.95899964676824	7.61516585186446	10.2644051415001	8.57592686450649
GTGGCACATAAAATCGTCCCGGAAT	-2.95899964676824	5.13598809923343	7.4492177919654	5.27393673193566
B4444	-2.95899964676824	14.2293936283216	16.109917505831	14.9952786914812
GGCAGCCAGCCACTAGCATCTCAAG	-2.95899964676824	5.68926996367313	7.93871739545757	6.39871343623244
TCTTTTGGCCCAGCAGCCTGAGTAG	-2.95899964676824	8.82330736367278	10.9496209314646	10.8009788047648
CGACGGATCGTACGAATCTCTCCCC	-2.95899964676824	5.73684976695195	8.43326252949993	6.42882990978987
TCGTCTATGAGGGAGTCACTTGACT	-2.95899964676824	5.83849215222586	7.35413294359055	5.13469954119969
GGCAGCCAGCCACTAGCATCACTAG	-2.95899964676824	5.18826706279005	7.04471993955304	5.77372287844637
TCTAACTAGCCGGGTGCTCGCAAAA	-2.95899964676824	7.67440356767976	9.90778051122015	8.67557964908746
B920	-2.95899964676824	16.8763986066643	12.9166521263538	9.24847892145744
B916	-2.95899964676824	15.4789150837922	11.1836654944212	10.5654309070701
TGATACGGCGAGAGGATCAGTAACC	-2.95899964676824	6.69952881341433	8.52706511555086	6.74035510824547
TGCATAACTCGTAAGTTGGTCGACG	-2.95899964676824	7.37693114264273	-2.95899964676824	1.88293077864756
AGCTTTGTGTCCCCCTCCATAGTTT	-2.95899964676824	9.89105262818956	1.54361895216225	3.26618021556828
ATACCACGAACCGCCTATATGCGAG	-2.95899964676824	7.72541959807596	3.81371244187306	-2.95899964676824
CACTGATCGGGGTGATGGACCTTCT	-2.95899964676824	8.16870742979821	4.89979531212224	2.28533697746983
TCGTCTATGAGGGAGACACTAGACT	-2.95899964676824	6.19426742147615	7.20770552020991	5.53617170341494
GGCTGCCAGCCACTAGCATCTCTAG	-2.95899964676824	5.22209604908124	7.64268845791793	5.77372287844637
GGCAGCCAGCCACTAGCCTCTCTAG	-2.95899964676824	4.22705822596202	7.10436921478978	5.18262066662791
AGCTTTGTGTCGCCCTCCATAGTTT	-2.95899964676824	7.33116345963879	-2.95899964676824	-2.95899964676824
TCGTCTATGAGGGAGACACTTGTCT	-2.95899964676824	5.80540069080294	7.38652922110778	5.13469954119969
TCCAGTGCCCGGAAGAAACGATTAT	-2.95899964676824	7.30772337516845	1.94265729155965	-2.95899964676824
ACGTCAGCGAATGCTCCTTTGACTG	-2.95899964676824	7.64040513028423	2.72917766359667	0.3952245199153
CACGGATCGGGGTGATGGACCTACT	-2.95899964676824	7.77753975485971	4.89979531212224	0.93237828504765
B922	-2.95899964676824	16.6907770599806	12.1139870649525	0.3952245199153
CGCATCGTGGGGTTGATCTAAACGC	-2.95899964676824	10.5669960164858	12.0481123866459	11.6783198710038
CGCATCTTGGGGTTGATCAAAACGC	-2.95899964676824	5.78291036725059	7.49450894699627	6.44856386422681
ATGTCAGCGAATGATCCTTTGACTG	-2.95899964676824	12.6950441534488	-2.95899964676824	-2.95899964676824
AGCTTTGTGTCACCCTCCAAAGTTT	-2.95899964676824	7.08683820794466	-2.95899964676824	0.93237828504765
ATACCACGAACAGCCTATATGCGTG	-2.95899964676824	7.83332487885643	3.99273158591644	-2.95899964676824
CGGCCCTGTTGGGATACTATGCAAA	-2.95899964676824	7.12310042814814	2.72917766359667	-2.95899964676824
CACTGATCGGGGTGATGGGCCTACT	-2.95899964676824	8.02038543767134	5.10840856756619	-2.95899964676824
GCACCCCACGTCGTCAGGTACATCA	-2.95899964676824	6.25271882550672	8.02870384703489	6.42882990978987
CACTGATCGGGGTGTTGGACCTACT	-2.95899964676824	7.16718289212897	4.48682799538172	-2.95899964676824
TTGTCCGAAGAATTGCTACCTCATG	-2.95899964676824	5.93344240918008	8.40586666571765	6.5155814977881
B4452	-2.95899964676824	14.043121859937	15.0253892224308	13.9460245048806
TGATACGGAGAGAGGAACAGTAACC	-2.95899964676824	6.10643028806276	7.6156123974666	6.37828074739804
GGCAGCCAGCCACTAGCATCGCTAG	-2.95899964676824	5.22209604908124	7.67583422105346	5.74208937843596
B918	-2.95899964676824	16.1902826140835	11.4972574086358	-2.95899964676824
TCTAACTAGCCGGGTGCACGCATAA	-2.95899964676824	5.78291036725059	7.36230046825379	6.29352701621975
B8038	-2.95899964676824	11.9600406376053	13.9265715410293	12.5165084411447
ATACCACGATCAGCCTATATGCGAG	-2.95899964676824	10.0873652262864	6.00498322946446	-2.95899964676824
TGATACGGCGAGAGGAACAGTACCC	-2.95899964676824	8.18166009019551	9.81114550278425	8.21893204704001
TTGTCCGAAGAATTGCTACCTCTAG	-2.95899964676824	4.96672250117577	7.31258699729372	5.60812643796428
CACTGATCGGGGTGATGGACCTACA	-2.95899964676824	7.99615000288357	3.99273158591644	0.3952245199153
GAGCCTGGCATTAAGGCATAGCCCT	-2.95899964676824	6.77554006397808	9.17233794698826	7.24798674886736
CGACGGATCGTACGTATCTCACCCC	-2.95899964676824	4.57998996980885	7.13329380007243	5.51760795002023
ATACCCCGAACAGCCTATATGCGAG	-2.95899964676824	8.6305240000303	4.75841909564947	-2.95899964676824
CGCCGGATCGTACGAATCTCACCCC	-2.95899964676824	8.85464791378599	11.2555865421076	9.68889716713456
ATCAGATGCGCCCTTCCAACAAATA	-2.95899964676824	6.81486870726742	8.15631220076797	7.16692059635313
CAGTCATAGAGACTCACCCCTGACA	-2.95899964676824	12.7707502660332	-2.95899964676824	-2.95899964676824
TCGTCTATGAGGGTGACACTTGACT	-2.95899964676824	7.91574184352385	9.49744993925874	7.51456720326595
TGCATAACTCGTAAGTTGGACGCCG	-2.95899964676824	9.28800259599495	-2.95899964676824	4.21101500260374
B8107	-2.95899964676824	11.8002077951325	-2.95899964676824	-2.95899964676824
CGCCTCTTGGGGTTGATCTAAACGC	-2.95899964676824	6.14220940388961	8.30778044090535	6.66644585617375
CGCATATTGGGGTTGATCTAAACGC	-2.95899964676824	5.34999704398478	7.08475887830107	5.69329930598416
TGAAACGGCGAGAGGAACAGTAACC	-2.95899964676824	6.133347467663	7.70823553547114	6.22652544936182
CACTGATCGGGGTGATGGACATACT	-2.95899964676824	7.54673211444109	4.0745461266579	-2.95899964676824
B2719	-2.95899964676824	11.106651789426	-2.95899964676824	-2.95899964676824
GTACCCAACGTCGTCAGGTACATCA	-2.95899964676824	0.894293349932301	11.8210257743983	0.93237828504765
ATCAGATGCGCCCATCCATCAAATA	-2.95899964676824	6.86925545439748	8.47528888479835	7.34593864565612
TGATACGGCGAGAGGAACACTAACC	-2.95899964676824	5.80540069080294	7.06487830393996	5.60812643796428
GCACCCACCGTCGTCAGGTACATCA	-2.95899964676824	5.64006731444212	7.14280787959894	5.55449962070981
TGCATAACTCGTAAGTAGGACGACG	-2.95899964676824	7.19725826808857	-2.95899964676824	2.28533697746983
ATCAGATGCGCCCCTCCAACAAATA	-2.95899964676824	5.86013882859172	7.28707274662512	6.16821114550752
AGCGTTGTGTCACCCTCCATAGTTT	-2.95899964676824	8.02038543767134	-2.95899964676824	1.32290386870737
B10846	-2.95899964676824	11.7841968389015	-2.95899964676824	-2.95899964676824
CGGCCCTGTTGGGTTACTATGCAAC	-2.95899964676824	9.83408255888213	5.89668445777908	-2.95899964676824
CGGCCCTGTTGGGATTCTATGCAAC	-2.95899964676824	9.45645202195874	5.29063221224394	-2.95899964676824
B10986	-2.95899964676824	-2.95899964676824	8.80687055747037	-2.95899964676824
B11315	-2.95899964676824	-2.95899964676824	8.94922472006187	-2.95899964676824
B10954	-2.95899964676824	-2.95899964676824	10.0152796876644	-2.95899964676824
B11486	-2.95899964676824	-2.95899964676824	10.365382751027	-2.95899964676824
B3663	-2.95899964676824	-2.95899964676824	8.70136758390003	-2.95899964676824
CTCCAACCACGTACGGCATTCTGGG	-2.95899964676824	-2.95899964676824	2.25490002697859	8.24455700659184
CTCCAAACACGTACGGCAGTCTGGG	-2.95899964676824	-2.95899964676824	1.94265729155965	7.97882033905626
B5403	-2.95899964676824	-2.95899964676824	9.27540926241235	-2.95899964676824
B5058	-2.95899964676824	-2.95899964676824	10.078613812262	9.65744676906141
B2378	-2.95899964676824	-2.95899964676824	10.4673451260214	-2.95899964676824
B11010	-2.95899964676824	-2.95899964676824	10.1463960260671	-2.95899964676824
CTCCAAACACGTTCGGCATTCTGGG	-2.95899964676824	-2.95899964676824	3.49507914689812	7.81744400839836
B9543	-2.95899964676824	-2.95899964676824	9.07630498120096	-2.95899964676824
B8709	-2.95899964676824	-2.95899964676824	8.18422373593061	-2.95899964676824
B11805	-2.95899964676824	-2.95899964676824	9.07630498120096	-2.95899964676824
B5632	-2.95899964676824	-2.95899964676824	9.1583342262774	-2.95899964676824
B8540	-2.95899964676824	-2.95899964676824	11.3586937017987	-2.95899964676824
B10807	-2.95899964676824	-2.95899964676824	12.6344308874334	10.544952415585
B2924	-2.95899964676824	-2.95899964676824	10.0460272317166	-2.95899964676824
B9525	-2.95899964676824	-2.95899964676824	8.92737101669221	-2.95899964676824
B3069	-2.95899964676824	-2.95899964676824	10.9744766220911	-2.95899964676824
B5326	-2.95899964676824	-2.95899964676824	9.23817004956011	-2.95899964676824
B8031	-2.95899964676824	-2.95899964676824	10.1860477878866	-2.95899964676824
B8608	-2.95899964676824	-2.95899964676824	13.7657741032431	-2.95899964676824
B7420	-2.95899964676824	-2.95899964676824	9.09357888089149	-2.95899964676824
B8509	-2.95899964676824	-2.95899964676824	12.1524680669791	-2.95899964676824
B8035	-2.95899964676824	-2.95899964676824	10.1285500625327	9.53703426609693
B2517	-2.95899964676824	-2.95899964676824	8.75197828751182	-2.95899964676824
B2351	-2.95899964676824	-2.95899964676824	9.1346883252844	-2.95899964676824
B8409	-2.95899964676824	-2.95899964676824	8.96807887256913	-2.95899964676824
B5981	-2.95899964676824	-2.95899964676824	10.7824154745591	-2.95899964676824
B8589	-2.95899964676824	-2.95899964676824	10.2054723398685	-2.95899964676824
B9565	-2.95899964676824	-2.95899964676824	9.2623754904251	-2.95899964676824
B5753	-2.95899964676824	-2.95899964676824	9.22703187356427	-2.95899964676824
B8401	-2.95899964676824	-2.95899964676824	8.97608440053523	9.47704646007517
B10806	-2.95899964676824	-2.95899964676824	9.53586854062938	0.93237828504765
B9568	-2.95899964676824	-2.95899964676824	9.09112380772556	-2.95899964676824
B10799	-2.95899964676824	-2.95899964676824	10.622455428014	-2.95899964676824
B11218	-2.95899964676824	-2.95899964676824	9.16067763962151	-2.95899964676824
B4825	-2.95899964676824	-2.95899964676824	8.99196340821949	15.5865672461095
B11251	-2.95899964676824	-2.95899964676824	10.1860477878866	9.58351405979797
B11363	-2.95899964676824	-2.95899964676824	9.12512037066585	-2.95899964676824
B10280	-2.95899964676824	-2.95899964676824	9.51952853823754	10.8280682995002
B5147	-2.95899964676824	-2.95899964676824	10.0636652580666	-2.95899964676824
B4278	-2.95899964676824	-2.95899964676824	10.5871744498547	-2.95899964676824
B10522	-2.95899964676824	-2.95899964676824	9.14892232161878	-2.95899964676824
CGCGCGCTATAGATACGCCCCAGTC	-2.95899964676824	-2.95899964676824	7.07485283554662	-2.95899964676824
B5170	-2.95899964676824	-2.95899964676824	11.9536340124835	-2.95899964676824
CTCCAAACACGTACGGCTTTCTGGG	-2.95899964676824	-2.95899964676824	2.91832087542625	8.30804710868544
B8964	-2.95899964676824	-2.95899964676824	8.79786566163406	-2.95899964676824
B1700	-2.95899964676824	-2.95899964676824	10.4133391906028	-2.95899964676824
B2972	-2.95899964676824	-2.95899964676824	9.18390476723279	-2.95899964676824
B10640	-2.95899964676824	-2.95899964676824	10.0711588963483	-2.95899964676824
B11077	-2.95899964676824	-2.95899964676824	11.1474961576103	-2.95899964676824
B6807	-2.95899964676824	-2.95899964676824	10.7082602481201	-2.95899964676824
B8032	-2.95899964676824	-2.95899964676824	10.4309196903127	10.322389714401
B8980	-2.95899964676824	-2.95899964676824	9.19309191326405	9.40185806417233
B4164	-2.95899964676824	-2.95899964676824	10.0548731994824	-2.95899964676824
GTGGCACATAAAATCGTGCCCGAAT	-2.95899964676824	-2.95899964676824	10.9132538203988	-2.95899964676824
B7861	-2.95899964676824	-2.95899964676824	11.4582586851221	-2.95899964676824
B10993	-2.95899964676824	-2.95899964676824	10.7082602481201	-2.95899964676824
B9934	-2.95899964676824	-2.95899964676824	8.97075232079104	-2.95899964676824
B6567	-2.95899964676824	-2.95899964676824	10.8637723398495	10.6642051121986
B3097	-2.95899964676824	-2.95899964676824	10.0748911695734	-2.95899964676824
B6808	-2.95899964676824	-2.95899964676824	10.6668202207821	-2.95899964676824
B10335	-2.95899964676824	-2.95899964676824	11.3586937017987	-2.95899964676824
CTCCATACACGTACGGCATTCTGGG	-2.95899964676824	-2.95899964676824	1.54361895216225	7.21380032709937
B4185	-2.95899964676824	-2.95899964676824	10.8464089020508	-2.95899964676824
B9998	-2.95899964676824	-2.95899964676824	9.29260645472792	-2.95899964676824
B10951	-2.95899964676824	-2.95899964676824	10.6585532607091	-2.95899964676824
B10809	-2.95899964676824	-2.95899964676824	10.3724764661729	-2.95899964676824
B6131	-2.95899964676824	-2.95899964676824	11.7449795860943	-2.95899964676824
B10946	-2.95899964676824	-2.95899964676824	8.62195834516124	-2.95899964676824
B351	-2.95899964676824	-2.95899964676824	8.88831191309822	-2.95899964676824
B3625	-2.95899964676824	-2.95899964676824	11.6989635174678	-2.95899964676824
B5837	-2.95899964676824	-2.95899964676824	11.8057595632712	-2.95899964676824
B4319	-2.95899964676824	-2.95899964676824	8.85107075930741	-2.95899964676824
B1470	-2.95899964676824	-2.95899964676824	10.6585532607091	-2.95899964676824
B10805	-2.95899964676824	-2.95899964676824	9.10822222639716	-2.95899964676824
B6729	-2.95899964676824	-2.95899964676824	10.7808929523655	-2.95899964676824
B11262	-2.95899964676824	-2.95899964676824	9.18159881025587	-2.95899964676824
B3911	-2.95899964676824	-2.95899964676824	-2.95899964676824	9.66905834175163
B7272	-2.95899964676824	-2.95899964676824	-2.95899964676824	8.19868201394761
B4596	-2.95899964676824	-2.95899964676824	-2.95899964676824	9.5184816799855
B6725	-2.95899964676824	-2.95899964676824	-2.95899964676824	9.46861467195266
B5843	-2.95899964676824	-2.95899964676824	-2.95899964676824	9.59904833545652
B3112	-2.95899964676824	-2.95899964676824	-2.95899964676824	9.5957336142802
B10780	-2.95899964676824	-2.95899964676824	-2.95899964676824	8.58487083328976
B6182	-2.95899964676824	-2.95899964676824	-2.95899964676824	9.56102800318141
B2408	-2.95899964676824	-2.95899964676824	-2.95899964676824	9.46256165166301
B11799	-2.95899964676824	-2.95899964676824	-2.95899964676824	9.24988544536136
B4675	-2.95899964676824	-2.95899964676824	-2.95899964676824	12.821621299162
B6831	-2.95899964676824	-2.95899964676824	-2.95899964676824	9.48184259126607
B4672	-2.95899964676824	-2.95899964676824	-2.95899964676824	13.803883286096
B8410	-2.95899964676824	-2.95899964676824	-2.95899964676824	9.45526434401902
B5204	-2.95899964676824	-2.95899964676824	-2.95899964676824	9.36209127208998
B7855	-2.95899964676824	-2.95899964676824	-2.95899964676824	9.59019209845929
B8642	-2.95899964676824	-2.95899964676824	-2.95899964676824	8.98522406490414
B7570	-2.95899964676824	-2.95899964676824	-2.95899964676824	9.55193452221379
B10964	-2.95899964676824	-2.95899964676824	-2.95899964676824	9.6478763832052
B10186	-2.95899964676824	-2.95899964676824	-2.95899964676824	9.35426623119028
B2053	-2.95899964676824	-2.95899964676824	-2.95899964676824	9.65213772783518
B1719	-2.95899964676824	-2.95899964676824	-2.95899964676824	10.2665070167961
B8412	-2.95899964676824	-2.95899964676824	-2.95899964676824	10.9845270908485
B2438	-2.95899964676824	-2.95899964676824	-2.95899964676824	9.16446110253863
B4496	-2.95899964676824	-2.95899964676824	-2.95899964676824	11.0773667272057
B8663	-2.95899964676824	-2.95899964676824	-2.95899964676824	9.41696209953259
CTAGTGGAGCGCATAACTCATGTAG	-2.95899964676824	-2.95899964676824	-2.95899964676824	10.5195218415212
B2949	-2.95899964676824	-2.95899964676824	-2.95899964676824	9.44792993807656
B8829	-2.95899964676824	-2.95899964676824	-2.95899964676824	9.65426368933848
B2647	-2.95899964676824	-2.95899964676824	-2.95899964676824	9.42445522976736
B7809	-2.95899964676824	-2.95899964676824	-2.95899964676824	9.59462701264309
B11655	-2.95899964676824	-2.95899964676824	-2.95899964676824	9.57680496559854
B9415	-2.95899964676824	-2.95899964676824	-2.95899964676824	9.74782334429035
B2880	-2.95899964676824	-2.95899964676824	-2.95899964676824	9.71764490103097
B7321	-2.95899964676824	-2.95899964676824	-2.95899964676824	9.57568374362683
B2467	-2.95899964676824	-2.95899964676824	-2.95899964676824	11.1484685492343
B4836	-2.95899964676824	-2.95899964676824	-2.95899964676824	12.4996109350611
B10811	-2.95899964676824	-2.95899964676824	-2.95899964676824	11.8908961037
B6934	-2.95899964676824	-2.95899964676824	-2.95899964676824	11.0793458868473
B2775	-2.95899964676824	-2.95899964676824	-2.95899964676824	9.20708154080289
B6570	-2.95899964676824	-2.95899964676824	-2.95899964676824	11.173883132304
B1068	-2.95899964676824	-2.95899964676824	-2.95899964676824	11.680407626029
B4310	-2.95899964676824	-2.95899964676824	-2.95899964676824	9.58796951844037
B3379	-2.95899964676824	-2.95899964676824	-2.95899964676824	11.9309042807024
B10840	-2.95899964676824	-2.95899964676824	-2.95899964676824	9.03175502843303
B7998	-2.95899964676824	-2.95899964676824	-2.95899964676824	9.50794004130854
B10863	-2.95899964676824	-2.95899964676824	-2.95899964676824	9.9825050875171
AGGTGCGCCGATTACTAAGCTTTGT	-2.95899964676824	-2.95899964676824	-2.95899964676824	10.7635573344459
B10276	-2.95899964676824	-2.95899964676824	-2.95899964676824	9.56668245925675
B3306	-2.95899964676824	-2.95899964676824	-2.95899964676824	11.1864244827774
B2650	-2.95899964676824	-2.95899964676824	-2.95899964676824	9.19544938218068
B6840	-2.95899964676824	-2.95899964676824	-2.95899964676824	10.4261876094057
B4669	-2.95899964676824	-2.95899964676824	-2.95899964676824	12.8652907354718
B977	-2.95899964676824	-2.95899964676824	-2.95899964676824	9.46134799407627
B492	-2.95899964676824	-2.95899964676824	-2.95899964676824	9.64680907743591
B4956	-2.95899964676824	-2.95899964676824	-2.95899964676824	9.31717748354752
B5852	-2.95899964676824	-2.95899964676824	-2.95899964676824	9.53933665365194
B10273	-2.95899964676824	-2.95899964676824	-2.95899964676824	9.59351956154909
B3928	-2.95899964676824	-2.95899964676824	-2.95899964676824	9.55762466115347
B10857	-2.95899964676824	-2.95899964676824	-2.95899964676824	9.44055805470419
B10010	-2.95899964676824	-2.95899964676824	-2.95899964676824	9.28598188735282
B3953	-2.95899964676824	-2.95899964676824	-2.95899964676824	9.31045297949551
B2785	-2.95899964676824	-2.95899964676824	-2.95899964676824	9.72878376359134
B493	-2.95899964676824	-2.95899964676824	-2.95899964676824	9.45891761165757
B9514	-2.95899964676824	-2.95899964676824	-2.95899964676824	10.4745120058496
B10524	-2.95899964676824	-2.95899964676824	-2.95899964676824	9.67848969458758
B9050	-2.95899964676824	-2.95899964676824	-2.95899964676824	10.5772438158037
B7418	-2.95899964676824	-2.95899964676824	-2.95899964676824	10.9280992922189
B5054	-2.95899964676824	-2.95899964676824	-2.95899964676824	10.8916209115169
B3104	-2.95899964676824	-2.95899964676824	-2.95899964676824	9.6144171254815
B5155	-2.95899964676824	-2.95899964676824	-2.95899964676824	9.51380601412468
B10866	-2.95899964676824	-2.95899964676824	-2.95899964676824	9.55193452221379
B6575	-2.95899964676824	-2.95899964676824	-2.95899964676824	10.4666703241152
AGGTGCGCCGATTTCTAAGCTTTGC	-2.95899964676824	-2.95899964676824	-2.95899964676824	8.31343818311164
B4537	-2.95899964676824	-2.95899964676824	-2.95899964676824	9.90962694272567
B9060	-2.95899964676824	-2.95899964676824	-2.95899964676824	9.52314224130527
B11057	-2.95899964676824	-2.95899964676824	-2.95899964676824	10.5928453889488
B4835	-2.95899964676824	-2.95899964676824	-2.95899964676824	15.1554213622101
B11359	-2.95899964676824	-2.95899964676824	-2.95899964676824	11.3927668040187
B7106	-2.95899964676824	-2.95899964676824	-2.95899964676824	9.79097355521387
B5157	-2.95899964676824	-2.95899964676824	-2.95899964676824	10.4575689468357
B8331	-2.95899964676824	-2.95899964676824	-2.95899964676824	9.57006452566974
B4676	-2.95899964676824	-2.95899964676824	-2.95899964676824	12.4187581589703
B2918	-2.95899964676824	-2.95899964676824	-2.95899964676824	9.50911514549894
B7928	-2.95899964676824	-2.95899964676824	-2.95899964676824	11.6471692989664
B7594	-2.95899964676824	-2.95899964676824	-2.95899964676824	9.4601333146485
CTCCAAACACGTACGGTATTCTGGG	-2.95899964676824	-2.95899964676824	-2.95899964676824	11.126048988982
B4831	-2.95899964676824	-2.95899964676824	-2.95899964676824	12.482662722751
B11051	-2.95899964676824	-2.95899964676824	-2.95899964676824	9.55079379636064
B7925	-2.95899964676824	-2.95899964676824	-2.95899964676824	11.576342480521
TATCGGAGCGCCTTGAACGTAACCC	-2.95899964676824	-2.95899964676824	-2.95899964676824	10.2098183308823
B7424	-2.95899964676824	-2.95899964676824	-2.95899964676824	9.56102800318141
B6191	-2.95899964676824	-2.95899964676824	-2.95899964676824	10.5817186508451
B7183	-2.95899964676824	-2.95899964676824	-2.95899964676824	9.85429642381751
B5987	-2.95899964676824	-2.95899964676824	-2.95899964676824	9.71967655607143
B1041	-2.95899964676824	-2.95899964676824	-2.95899964676824	9.44547682666765
B360	-2.95899964676824	-2.95899964676824	-2.95899964676824	9.60675319551735
B309	-2.95899964676824	-2.95899964676824	-2.95899964676824	9.13126706946531
B9640	-2.95899964676824	-2.95899964676824	-2.95899964676824	9.91318209518078
B10787	-2.95899964676824	-2.95899964676824	-2.95899964676824	9.46861467195266
B3246	-2.95899964676824	-2.95899964676824	-2.95899964676824	9.52314224130527
B371	-2.95899964676824	-2.95899964676824	-2.95899964676824	8.40466017851895
B1333	-2.95899964676824	-2.95899964676824	-2.95899964676824	9.58574350908625
B341	-2.95899964676824	-2.95899964676824	-2.95899964676824	9.43314830892876
B4674	-2.95899964676824	-2.95899964676824	-2.95899964676824	12.135169641726
B7927	-2.95899964676824	-2.95899964676824	-2.95899964676824	9.50558695758562
GACTCACACCAGGCAGTTAGTAAAT	-2.95899964676824	-2.95899964676824	-2.95899964676824	9.66905834175163
B3624	-2.95899964676824	-2.95899964676824	-2.95899964676824	13.2885288955133
B1061	-2.95899964676824	-2.95899964676824	-2.95899964676824	9.61113756801434
B6070	-2.95899964676824	-2.95899964676824	-2.95899964676824	9.74782334429035
B10274	-2.95899964676824	-2.95899964676824	-2.95899964676824	9.5358816929649
B10804	-2.95899964676824	-2.95899964676824	-2.95899964676824	10.3755441356128
B6576	-2.95899964676824	-2.95899964676824	-2.95899964676824	9.59683936776254
B2651	-2.95899964676824	-2.95899964676824	-2.95899964676824	9.38787239818538
B8393	-2.95899964676824	-2.95899964676824	-2.95899964676824	9.63931574633172
B4679	-2.95899964676824	-2.95899964676824	-2.95899964676824	11.6990626990223
B7428	-2.95899964676824	-2.95899964676824	-2.95899964676824	10.9346735100436
B11308	-2.95899964676824	-2.95899964676824	-2.95899964676824	9.32653944120762
B7872	-2.95899964676824	-2.95899964676824	-2.95899964676824	12.1165940360122
B9083	-2.95899964676824	-2.95899964676824	-2.95899964676824	9.58462921509823
B11815	-2.95899964676824	-2.95899964676824	-2.95899964676824	9.11437918667549
B11008	-2.95899964676824	-2.95899964676824	-2.95899964676824	10.3217210932515
B10165	-2.95899964676824	-2.95899964676824	-2.95899964676824	9.57680496559854
B5854	-2.95899964676824	-2.95899964676824	-2.95899964676824	9.4132008893997
B10885	-2.95899964676824	-2.95899964676824	-2.95899964676824	9.56781069589887
GCGACAAACGAACGCACTAAAGAGC	-2.95899964676824	-2.95899964676824	-2.95899964676824	9.83099231484455
B11355	-2.95899964676824	-2.95899964676824	-2.95899964676824	9.58574350908625
B4844	-2.95899964676824	-2.95899964676824	-2.95899964676824	9.46861467195266
B7099	-2.95899964676824	-2.95899964676824	-2.95899964676824	9.72373130309612
B10961	-2.95899964676824	-2.95899964676824	-2.95899964676824	9.48064505242535
CAACAGCCACGCCGCCTTCATTATG	-2.95899964676824	-2.95899964676824	-2.95899964676824	7.75145265735115
B4680	-2.95899964676824	-2.95899964676824	-2.95899964676824	13.7219428193475
B2266	-2.95899964676824	-2.95899964676824	-2.95899964676824	9.38914943962962
B7941	-2.95899964676824	-2.95899964676824	-2.95899964676824	9.42445522976736
B5160	-2.95899964676824	-2.95899964676824	-2.95899964676824	10.4551321844542
B3848	-2.95899964676824	-2.95899964676824	-2.95899964676824	10.6153903911702
B7724	-2.95899964676824	-2.95899964676824	-2.95899964676824	9.4661965105333
B411	-2.95899964676824	-2.95899964676824	-2.95899964676824	9.64574098148923
B4459	-2.95899964676824	-2.95899964676824	-2.95899964676824	10.3343722075151
B4874	-2.95899964676824	-2.95899964676824	-2.95899964676824	9.56555333960457
B7994	-2.95899964676824	-2.95899964676824	-2.95899964676824	9.62962391855635
B8647	-2.95899964676824	-2.95899964676824	-2.95899964676824	9.53241843848501
B7783	-2.95899964676824	-2.95899964676824	-2.95899964676824	9.54965216783214
B10908	-2.95899964676824	-2.95899964676824	-2.95899964676824	9.20852898826824
B6829	-2.95899964676824	-2.95899964676824	-2.95899964676824	11.0903792838229
B7599	-2.95899964676824	-2.95899964676824	-2.95899964676824	9.43685793890915
B5269	-2.95899964676824	-2.95899964676824	-2.95899964676824	9.50676397919178
B4829	-2.95899964676824	-2.95899964676824	-2.95899964676824	12.7952524645223
B3384	-2.95899964676824	-2.95899964676824	-2.95899964676824	9.49613605428303
B5896	-2.95899964676824	-2.95899964676824	-2.95899964676824	9.94739330054832
B10933	-2.95899964676824	-2.95899964676824	-2.95899964676824	9.54163537269552
B3704	-2.95899964676824	-2.95899964676824	-2.95899964676824	9.3594876380863
B3613	-2.95899964676824	-2.95899964676824	-2.95899964676824	11.4620610478816
CGAGCAGGTAAGATTGATTATGCCT	-2.95899964676824	-2.95899964676824	-2.95899964676824	7.05551602864637
B7785	-2.95899964676824	-2.95899964676824	-2.95899964676824	11.6455672586441
B4668	-2.95899964676824	-2.95899964676824	-2.95899964676824	9.53241843848501
B7782	-2.95899964676824	-2.95899964676824	-2.95899964676824	11.2032205041862
B7757	-2.95899964676824	-2.95899964676824	-2.95899964676824	9.62529545178054
B7429	-2.95899964676824	-2.95899964676824	-2.95899964676824	10.5575015538804
B10867	-2.95899964676824	-2.95899964676824	-2.95899964676824	10.5072246571761
B9471	-2.95899964676824	-2.95899964676824	-2.95899964676824	10.3972852024903
B8185	-2.95899964676824	-2.95899964676824	-2.95899964676824	9.59019209845929
B7372	-2.95899964676824	-2.95899964676824	-2.95899964676824	9.62854301874212
B3918	-2.95899964676824	-2.95899964676824	-2.95899964676824	9.36857987382819
B7759	-2.95899964676824	-2.95899964676824	-2.95899964676824	9.57680496559854
CAAGCAGCCACTTAGAACGCGCCAA	-2.95899964676824	-2.95899964676824	-2.95899964676824	7.64857003824714
B6605	-2.95899964676824	-2.95899964676824	-2.95899964676824	11.4510973799833
B8084	-2.95899964676824	-2.95899964676824	-2.95899964676824	9.70641936713558
B5902	-2.95899964676824	-2.95899964676824	-2.95899964676824	10.4727061664018
B4552	-2.95899964676824	-2.95899964676824	-2.95899964676824	9.16595192631529
B4692	-2.95899964676824	-2.95899964676824	-2.95899964676824	10.5772438158037
B4826	-2.95899964676824	-2.95899964676824	-2.95899964676824	13.3316750646958
B10802	-2.95899964676824	-2.95899964676824	-2.95899964676824	9.89081728879141
B4830	-2.95899964676824	-2.95899964676824	-2.95899964676824	13.5841936024866
B3000	-2.95899964676824	-2.95899964676824	-2.95899964676824	9.54163537269552
B11575	-2.95899964676824	-2.95899964676824	-2.95899964676824	10.5420850508379
B4953	-2.95899964676824	-2.95899964676824	-2.95899964676824	8.75102208916452
B5807	-2.95899964676824	-2.95899964676824	-2.95899964676824	9.56781069589887
ATTGCATACGTTGCGGGCCCATACG	-2.95899964676824	-2.95899964676824	-2.95899964676824	7.05551602864637
B7237	-2.95899964676824	-2.95899964676824	-2.95899964676824	9.46498590818022
B3616	-2.95899964676824	-2.95899964676824	-2.95899964676824	9.63824208621223
B9859	-2.95899964676824	-2.95899964676824	-2.95899964676824	9.67115953266015
B6087	-2.95899964676824	-2.95899964676824	-2.95899964676824	9.66484675684799
B4833	-2.95899964676824	-2.95899964676824	-2.95899964676824	12.7488785132271
B10042	-2.95899964676824	-2.95899964676824	-2.95899964676824	9.41445571595344
B3514	-2.95899964676824	-2.95899964676824	-2.95899964676824	9.58128115992735
B11614	-2.95899964676824	-2.95899964676824	-2.95899964676824	10.4243202174173
B9513	-2.95899964676824	-2.95899964676824	-2.95899964676824	9.44547682666765
B9064	-2.95899964676824	-2.95899964676824	-2.95899964676824	9.49968740223847
B3623	-2.95899964676824	-2.95899964676824	-2.95899964676824	13.7637716519734
B7205	-2.95899964676824	-2.95899964676824	-2.95899964676824	9.96633995130335
B9480	-2.95899964676824	-2.95899964676824	-2.95899964676824	9.10352850339472
B10978	-2.95899964676824	-2.95899964676824	-2.95899964676824	9.51263472608535
B11732	-2.95899964676824	-2.95899964676824	-2.95899964676824	9.5358816929649
CGCGCAGGTAAGATTGAATATGCCT	-2.95899964676824	-2.95899964676824	-2.95899964676824	7.07469116057929
B4827	-2.95899964676824	-2.95899964676824	-2.95899964676824	14.0123219881143
B10971	-2.95899964676824	-2.95899964676824	-2.95899964676824	9.77933272734571
B9846	-2.95899964676824	-2.95899964676824	-2.95899964676824	9.57568374362683
B8673	-2.95899964676824	-2.95899964676824	-2.95899964676824	9.35557335560775
B2706	-2.95899964676824	-2.95899964676824	-2.95899964676824	9.23575811596353
B8672	-2.95899964676824	-2.95899964676824	-2.95899964676824	9.14946751614765
B8476	-2.95899964676824	-2.95899964676824	-2.95899964676824	10.7068205146985
B4828	-2.95899964676824	-2.95899964676824	-2.95899964676824	13.0256863793185
B2558	-2.95899964676824	-2.95899964676824	-2.95899964676824	9.21862066132775
B10932	-2.95899964676824	-2.95899964676824	-2.95899964676824	9.62962391855635
B6569	-2.95899964676824	-2.95899964676824	-2.95899964676824	10.623551324331
B5153	-2.95899964676824	-2.95899964676824	-2.95899964676824	9.41946413634034
B7457	-2.95899964676824	-2.95899964676824	-2.95899964676824	11.002578242642
B8987	-2.95899964676824	-2.95899964676824	-2.95899964676824	10.5978245601561
B8314	-2.95899964676824	-2.95899964676824	-2.95899964676824	9.57006452566974
B6566	-2.95899964676824	-2.95899964676824	-2.95899964676824	11.8622152351556
B4834	-2.95899964676824	-2.95899964676824	-2.95899964676824	13.1790004121891
B10817	-2.95899964676824	-2.95899964676824	-2.95899964676824	8.83962772876252
B7531	-2.95899964676824	-2.95899964676824	-2.95899964676824	9.42445522976736
B7807	-2.95899964676824	-2.95899964676824	-2.95899964676824	9.93520548597599
B7781	-2.95899964676824	-2.95899964676824	-2.95899964676824	9.39551774555617
B469	-2.95899964676824	-2.95899964676824	-2.95899964676824	9.53818591917004
B10184	-2.95899964676824	-2.95899964676824	-2.95899964676824	9.55762466115347
B4832	-2.95899964676824	-2.95899964676824	-2.95899964676824	13.6396342318253
B11827	-2.95899964676824	-2.95899964676824	-2.95899964676824	9.68057720404959
GCCGCGAGGCATTCCTTTTAAAGTG	-2.95899964676824	-2.95899964676824	-2.95899964676824	7.93052094386725
B1516	-2.95899964676824	-2.95899964676824	-2.95899964676824	9.42818725093793
B7509	-2.95899964676824	-2.95899964676824	-2.95899964676824	9.50911514549894
B2829	-2.95899964676824	-2.95899964676824	-2.95899964676824	9.64680907743591
B4955	-2.95899964676824	-2.95899964676824	-2.95899964676824	10.6631498227122
B2975	-2.95899964676824	-2.95899964676824	-2.95899964676824	9.58908123645621
B3622	-2.95899964676824	-2.95899964676824	-2.95899964676824	11.0997697822367
B1072	-2.95899964676824	-2.95899964676824	-2.95899964676824	9.72373130309612
B10974	-2.95899964676824	-2.95899964676824	-2.95899964676824	9.59904833545652
B9097	-2.95899964676824	-2.95899964676824	-2.95899964676824	9.5957336142802
B448	-2.95899964676824	-2.95899964676824	-2.95899964676824	9.54965216783214
B4007	-2.95899964676824	-2.95899964676824	-2.95899964676824	9.72069131170432
B2519	-2.95899964676824	-2.95899964676824	-2.95899964676824	9.55079379636064
B8179	-2.95899964676824	-2.95899964676824	-2.95899964676824	10.4236972158991
B7324	-2.95899964676824	-2.95899964676824	-2.95899964676824	9.40438641014218
B4952	-2.95899964676824	-2.95899964676824	-2.95899964676824	10.6504257700714
B8034	-2.95899964676824	-2.95899964676824	-2.95899964676824	10.5130935335431
B3619	-2.95899964676824	-2.95899964676824	-2.95899964676824	9.573438682146
B11188	-2.95899964676824	-2.95899964676824	-2.95899964676824	9.60235545821851
B2437	-2.95899964676824	-2.95899964676824	-2.95899964676824	9.36339132916577
B9668	-2.95899964676824	-2.95899964676824	-2.95899964676824	9.44670390377083
B10812	-2.95899964676824	-2.95899964676824	-2.95899964676824	10.5019221778754
B2844	-2.95899964676824	-2.95899964676824	-2.95899964676824	10.7719031145986
B1790	-2.95899964676824	-2.95899964676824	-2.95899964676824	10.2270600418453
B6574	-2.95899964676824	-2.95899964676824	-2.95899964676824	10.3082831815155
B10861	-2.95899964676824	-2.95899964676824	-2.95899964676824	11.6578043445997
B9729	-2.95899964676824	-2.95899964676824	-2.95899964676824	10.1530676078237
B5686	-2.95899964676824	-2.95899964676824	-2.95899964676824	8.86554898034721
B9082	-2.95899964676824	-2.95899964676824	-2.95899964676824	9.527787795359
B6565	-2.95899964676824	-2.95899964676824	-2.95899964676824	11.0428932056145
B3816	-2.95899964676824	-2.95899964676824	-2.95899964676824	9.48900702421557
B787	-2.95899964676824	-2.95899964676824	-2.95899964676824	9.72777468603813
B7148	-2.95899964676824	-2.95899964676824	-2.95899964676824	10.4484097879486
B3954	-2.95899964676824	-2.95899964676824	-2.95899964676824	10.9769032157623
B4671	-2.95899964676824	-2.95899964676824	-2.95899964676824	13.7237153886567
B3960	-2.95899964676824	-2.95899964676824	-2.95899964676824	10.3049040547832
B4673	-2.95899964676824	-2.95899964676824	-2.95899964676824	12.7819458491377
B4670	-2.95899964676824	-2.95899964676824	-2.95899964676824	11.8752605829476
B4678	-2.95899964676824	-2.95899964676824	-2.95899964676824	9.47343886911084
B4677	-2.95899964676824	-2.95899964676824	-2.95899964676824	11.5080428103502
B5407	-2.95899964676824	-2.95899964676824	-2.95899964676824	9.48542925506382
B8397	-2.95899964676824	-2.95899964676824	-2.95899964676824	9.2300682202564
B11699	-2.95899964676824	-2.95899964676824	-2.95899964676824	9.57119012154883
B6832	-2.95899964676824	-2.95899964676824	-2.95899964676824	9.58908123645621
B116	-2.95899964676824	-2.95899964676824	-2.95899964676824	10.6164811865456
B11454	-2.95899964676824	-2.95899964676824	-2.95899964676824	9.73582761322847
B1889	-2.95899964676824	-2.95899964676824	-2.95899964676824	8.48568806992175
B9862	-2.95899964676824	-2.95899964676824	-2.95899964676824	9.52546688819743
B8948	-2.95899964676824	-2.95899964676824	-2.95899964676824	9.61768924471165
B11652	-2.95899964676824	-2.95899964676824	-2.95899964676824	9.57792531686474
B7780	-2.95899964676824	-2.95899964676824	-2.95899964676824	9.37245907314476
B7808	-2.95899964676824	-2.95899964676824	-2.95899964676824	10.4193286560758
B9636	-2.95899964676824	-2.95899964676824	-2.95899964676824	9.54736619702678
B7693	-2.95899964676824	-2.95899964676824	-2.95899964676824	10.6663133782499
B8655	-2.95899964676824	-2.95899964676824	-2.95899964676824	11.618329082546
B5623	-2.95899964676824	-2.95899964676824	-2.95899964676824	9.63716762647494
B3374	-2.95899964676824	-2.95899964676824	-2.95899964676824	10.9368582754509
B7923	-2.95899964676824	-2.95899964676824	-2.95899964676824	9.50440897492319
B8662	-2.95899964676824	-2.95899964676824	-2.95899964676824	9.45037888537466
B4986	-2.95899964676824	-2.95899964676824	-2.95899964676824	9.64146067247178
B5745	-2.95899964676824	-2.95899964676824	-2.95899964676824	10.4977845112956
B6146	-2.95899964676824	-2.95899964676824	-2.95899964676824	9.73482345212337
B7924	-2.95899964676824	-2.95899964676824	-2.95899964676824	11.0195819785933
