baseMean	log2FoldChange	lfcSE	stat	pvalue	padj
hsa-miR-20b-5p	351.915637455519	-2.87700337925465	0.534620174347654	-5.38139695675568	7.39100073668814e-08	5.09979050831482e-05
hsa-miR-582-3p	66.9418561212394	-3.67089868159815	0.700620556446098	-5.2394961121592	1.61015638467886e-07	5.55503952714207e-05
hsa-miR-532-5p	7802.04801439738	-1.80742426108207	0.352859708901809	-5.12221774117323	3.0196290686188e-07	6.94514685782324e-05
hsa-miR-106a-5p	176.265799201896	-2.83716158605801	0.571458622310929	-4.96477168300441	6.87819383937081e-07	0.000118648843729146
hsa-miR-192-5p	75766.6237564084	-3.08892677254163	0.646874490886573	-4.77515625683138	1.79567770334848e-06	0.000177002516472921
hsa-miR-194-5p	4902.28278698644	-2.954722392939	0.616544960429141	-4.79238755091338	1.64808148784969e-06	0.000177002516472921
hsa-miR-642a-5p	172.311402874599	2.24249414259309	0.46947400632083	4.7766098067219	1.78275222378229e-06	0.000177002516472921
hsa-miR-206	18.308596569987	-3.76034952298678	0.842685128612354	-4.46234233322585	8.10685748414492e-06	0.000559373166405999
hsa-miR-4508	272.429900865462	2.35739025297324	0.526144398565677	4.48050052304981	7.44681973925133e-06	0.000559373166405999
hsa-miR-892a	46.2866326014357	-3.25221139420313	0.721176354479571	-4.50959238194942	6.49523055527732e-06	0.000559373166405999
hsa-miR-184	655.303670349559	-3.50084417399575	0.793168840366525	-4.41374395441203	1.01598111992841e-05	0.000637297247955095
hsa-miR-9-5p	376.897157991174	-2.80400526242045	0.638915164013519	-4.38869731124604	1.14031649173999e-05	0.000655681982750496
hsa-miR-124-3p	14.9203950943095	-3.83941664722248	0.882462805141871	-4.35079713824905	1.3564350321174e-05	0.000719953978585387
hsa-miR-190a-5p	27.6104915925908	-3.01229997412055	0.712936862217737	-4.22519879916178	2.38729935469438e-05	0.00113078164959653
hsa-miR-20a-5p	510.969853910722	-2.35080854339075	0.557475134945356	-4.21688501608449	2.47700196784684e-05	0.00113078164959653
hsa-miR-891a-5p	1665.92778229059	-2.88774495695748	0.686900083376228	-4.20402475824975	2.62210237587601e-05	0.00113078164959653
hsa-miR-10b-5p	2449117.43299772	-2.37730099618679	0.581977687866602	-4.08486621695315	4.41022189932027e-05	0.00179003124148881
hsa-miR-204-5p	536684.797443141	-2.27528960604116	0.582220965568438	-3.90794859786565	9.30831029748674e-05	0.00298015788230393
hsa-miR-211-5p	290.956324346675	-2.22927412945118	0.57241789306792	-3.89448715081775	9.84067077365704e-05	0.00298015788230393
hsa-miR-30a-5p	101620.658252499	-1.33672741546871	0.339882748600151	-3.93290751288255	8.39245346052142e-05	0.00298015788230393
hsa-miR-362-5p	2123.41698867021	-2.30324542490551	0.584685545258066	-3.93928915052776	8.17233883954463e-05	0.00298015788230393
hsa-miR-4492	701.348122746299	2.70138442650818	0.695898284380051	3.88186677154225	0.000103657665471441	0.00298015788230393
hsa-miR-660-5p	633.98485278024	-2.10042244208517	0.539593706111408	-3.89259996604095	9.91756122318271e-05	0.00298015788230393
hsa-miR-766-3p	479.423592315735	1.80030814615256	0.463107281881351	3.88745376414487	0.000101301275674627	0.00298015788230393
hsa-miR-187-3p	419.604655615621	-2.39805944885282	0.619962638181696	-3.86807091454115	0.000109699765452958	0.00302771352650165
hsa-miR-3065-3p	92.4492185023811	-2.66870781076857	0.703751946425717	-3.79211428731765	0.000149370139813755	0.00396405371044196
hsa-miR-150-5p	539419.970132376	2.15198403517828	0.5702630789439	3.77366888132342	0.000160864236589974	0.0040183021286219
hsa-miR-629-5p	95.3411713979574	-1.73329959733722	0.459726470082542	-3.77028452815869	0.000163061535654222	0.0040183021286219
hsa-miR-577	107.349237419624	-2.50103928841033	0.674158033755251	-3.70987092518773	0.000207364941074994	0.00493385549454296
hsa-miR-4482-3p	14.5756517009095	-3.3416515909741	0.909302006660182	-3.6749633966473	0.000237883516738506	0.00520205861190745
hsa-miR-501-5p	382.955030874605	-1.37265319872152	0.372446339557135	-3.6855059452422	0.000228248753607694	0.00520205861190745
hsa-miR-6731-3p	25.9605350918685	2.6024861818509	0.708859911867555	3.67136882518073	0.000241254892146432	0.00520205861190745
hsa-miR-150-3p	330.045342190569	2.06216195681185	0.564957291650715	3.65012008392092	0.000262117738433691	0.00548064362179535
hsa-miR-374b-5p	636.866215997759	-1.86849368361242	0.515772553716688	-3.62270863416044	0.000291534148340581	0.00591642830455885
hsa-miR-338-5p	119.054069801038	-2.28123026325936	0.631548557878278	-3.61212172017821	0.000303701944387795	0.00598726690364511
hsa-miR-135a-5p	44.4454255406692	-3.0505991816567	0.848410667508337	-3.5956633956712	0.000323565960071477	0.00620168090136997
hsa-let-7e-5p	79226.8893812001	-1.69703361888817	0.475537665514284	-3.56866288825484	0.000358807749048901	0.00647631543172613
hsa-miR-10a-3p	371.471408294191	-1.68546636496618	0.472108996446217	-3.57007889630036	0.000356873726026504	0.00647631543172613
hsa-miR-330-3p	370.556303649162	1.42100844707938	0.398776447225438	3.56342120244642	0.000366052611358434	0.00647631543172613
hsa-miR-508-3p	601.807771390352	-2.15465793758626	0.608480805409724	-3.54104503943294	0.000398545539209272	0.00687491055135993
hsa-miR-107	6089.52834166607	-1.75533317446607	0.503808691046766	-3.48412642667795	0.000493746198888867	0.00783284241334117
hsa-miR-197-3p	46267.3831879506	1.58954857996907	0.454778293620169	3.49521646540294	0.000473677424401776	0.00783284241334117
hsa-miR-26a-2-3p	62.945789298305	-2.50511757187753	0.719318811683418	-3.48262485449924	0.000496523625234516	0.00783284241334117
hsa-miR-98-5p	3877.74356765775	-1.84820395222097	0.530935622656242	-3.48103211265899	0.000499485603169582	0.00783284241334117
hsa-miR-3195	764.728320418805	2.37038721788464	0.688016922496619	3.44524551704801	0.000570540915059218	0.00874829403090801
hsa-miR-10b-3p	233.16632209839	-1.69956452177607	0.495975528831801	-3.42671043827334	0.000610940170541537	0.00916410255812306
hsa-miR-1269a	859.302328397761	-2.40608285511963	0.706727448103299	-3.40454139934289	0.000662752534192387	0.00957728206360176
hsa-miR-500a-3p	20539.008822623	-1.27164245128831	0.374291240660684	-3.39746783559149	0.000680125827705053	0.00957728206360176
hsa-miR-99a-3p	129.317893317412	-1.4612477033054	0.42958842372184	-3.4015062385656	0.000670155989531248	0.00957728206360176
hsa-let-7f-5p	48727.2083733118	-2.09616272535398	0.620106442795314	-3.38032728043416	0.000723995631495369	0.00999113971463609
hsa-miR-194-3p	956.109966993836	-2.35328332218134	0.700050007360406	-3.36159316825748	0.000774942082183302	0.0104845105236564
hsa-miR-3065-5p	15.5803752252434	-2.54143839972559	0.757745953523623	-3.35394519483417	0.000796681404942009	0.0105713494117305
hsa-miR-5588-5p	75.2924727539172	-2.31477002648873	0.701779740144042	-3.29842811651077	0.000972277707502035	0.0126579550599321
hsa-miR-215-5p	196.299450431092	-1.84131576329991	0.571443917857172	-3.22221604913491	0.00127203178668957	0.0162537394965889
hsa-miR-10a-5p	732794.002459467	-1.57923201718087	0.492665623673939	-3.20548449352751	0.0013483531162517	0.0163221693019943
hsa-miR-1251-5p	24.8136935065113	-2.82760762203964	0.879866153024434	-3.21367927646731	0.00131045961073092	0.0163221693019943
hsa-miR-424-5p	154.272392182341	-1.64324617548871	0.511838209415586	-3.21047968920679	0.00132513632859021	0.0163221693019943
hsa-miR-500b-5p	45.3269667350994	-1.61288179072196	0.504089718455639	-3.19959271469232	0.00137621915004351	0.0163722623022418
hsa-miR-6500-3p	15.3436764430753	-2.63934523635965	0.827885157076521	-3.18805720068695	0.00143232199136651	0.0167508843058117
hsa-miR-3690	49.4761562982014	2.19621900381049	0.691822252169097	3.17454230031573	0.00150073014990983	0.0172583967239631
hsa-miR-342-3p	33141.0992052849	1.26565141819028	0.399631601431325	3.16704538294071	0.00153996283706123	0.0174192517634795
hsa-miR-6769b-3p	168.549331670738	1.9069356551005	0.604214295125184	3.15605848866157	0.001599167895298	0.0177971910928325
hsa-miR-34b-3p	119.398588390503	1.84112207970552	0.591009546676628	3.11521546489146	0.00183810589366339	0.020131635978218
hsa-miR-4286	1487.76254755969	1.36318568234459	0.438644801118672	3.10772105099176	0.00188535930325985	0.0203265299882703
hsa-miR-502-5p	55.8042954036093	-1.80770303528075	0.588671894286383	-3.07081593809084	0.00213474704344826	0.0226611609227584
hsa-miR-26b-5p	14342.1591575144	-1.82526730704091	0.597047462666828	-3.05715612438582	0.00223447860125672	0.0233604581040475
hsa-miR-629-3p	113.810133688492	1.48892157079312	0.488097220867049	3.05046107033395	0.00228490299464609	0.0235310905418776
hsa-miR-151a-3p	37749.9256814148	-1.01517253925407	0.335414370966396	-3.02662207444826	0.00247302940553758	0.0250939748503078
hsa-miR-17-5p	936.898439116471	-1.30064535057302	0.434688834050528	-2.99212965387979	0.0027703857695269	0.0273080882996223
hsa-miR-342-5p	660.605348004682	1.24576593267079	0.415823475115315	2.99590092244146	0.00273635325741179	0.0273080882996223
hsa-miR-204-3p	923.252268568943	-1.78601133021568	0.605089238227687	-2.95164947148445	0.00316081523243518	0.0307177818363419
hsa-miR-6747-3p	45.4216367018542	1.37470193249798	0.466831220697324	2.9447514895095	0.00323214152655589	0.030974689629494
hsa-miR-4461	102.777627347325	-2.11775867985914	0.723852694457212	-2.92567630966292	0.00343708353769095	0.0321973257959099
hsa-miR-935	50.3011287000298	1.71096891252422	0.585099789297008	2.92423436791857	0.00345304653463382	0.0321973257959099
hsa-miR-188-5p	40.9543254835238	-1.63860731153903	0.562970054738225	-2.91064737413247	0.00360680824683373	0.0327460222409905
hsa-miR-22-5p	272.787837197268	-1.43832303103563	0.493865069816346	-2.91238056493953	0.00358685339783029	0.0327460222409905
hsa-miR-138-5p	193.214865096763	-1.93632054243951	0.672631152854483	-2.87872563472899	0.00399285538517275	0.0357801326723273
hsa-miR-4767	33.942311460593	1.51285095112494	0.529985286341841	2.85451500279793	0.00431025958355163	0.0381292193929568
hsa-miR-30b-3p	519.696201875033	-1.49902210582715	0.525902145619203	-2.85038218291007	0.00436667246197517	0.0381392911235806
hsa-miR-200c-3p	15117.3898542892	-1.03012194843527	0.364334814418112	-2.82740464997974	0.00469269881213449	0.0404745272546599
hsa-miR-138-2-3p	10.6512633708282	-2.25543978135522	0.800277524368848	-2.81832203538892	0.00482753643416459	0.0411234585132539
hsa-miR-196a-5p	6799.91260585318	-1.73052241779416	0.619981589394213	-2.79124807477762	0.00525052131407368	0.0441812159354981
hsa-miR-130b-5p	508.22169728666	1.03085408956906	0.372092188516531	2.77042658078607	0.00559829197507861	0.0465400176241475
hsa-miR-6723-5p	276.105874674053	-1.905998499584	0.694341134116491	-2.74504621134001	0.00605023774727101	0.0496983814954404
hsa-miR-485-3p	633.770037165162	1.30778357215761	0.479235380836264	2.72889612172525	0.00635467179821043	0.0515849828325317
hsa-miR-30a-3p	66576.2331392142	-1.49251015820742	0.549141637684248	-2.71789654214055	0.00656983773669767	0.0521056096358781
hsa-miR-379-5p	15.8577881905872	-1.95061612820995	0.717140352094029	-2.71999215009197	0.00652834660873599	0.0521056096358781
hsa-miR-513a-5p	54.888175351386	-1.93927121184093	0.720722922606603	-2.69073058593344	0.00712957454920923	0.0552742296511727
hsa-miR-6511b-5p	52.3670934795952	-1.26923412150453	0.47158093273583	-2.69144495334277	0.00711432378678236	0.0552742296511727
hsa-miR-218-5p	53.7957924865083	-1.63433972567503	0.615229654558966	-2.65647098374448	0.00789632459833566	0.059038283669339
hsa-miR-30c-2-3p	7799.22543116406	-1.29566908520832	0.488832976764141	-2.65053535010072	0.00803643168743956	0.059038283669339
hsa-miR-30d-3p	170.715725072786	-1.49397228268108	0.562861644982931	-2.65424424633941	0.00794862691217099	0.059038283669339
hsa-miR-375	6315.87554141734	1.62078966598406	0.610666776280174	2.65413107268905	0.007951293436707	0.059038283669339
hsa-miR-664a-5p	756.825552013894	-1.21703683091384	0.459213484332317	-2.65026370617879	0.00804289661582299	0.059038283669339
hsa-miR-142-3p	42.2255490641707	1.85806009896144	0.702539017098192	2.64477851584113	0.0081744403318812	0.0593722508315582
hsa-miR-668-3p	14.4325815641966	1.82980096214902	0.69461104975166	2.63428139071963	0.00843155792912285	0.0606018226155705
hsa-miR-3173-5p	46.2641071603561	1.26035190349751	0.479950167004659	2.62600576089657	0.00863933551895993	0.0608279745722689
hsa-miR-361-3p	5977.32055451719	1.1000631168715	0.418767668198932	2.62690556222437	0.00861652439825356	0.0608279745722689
hsa-miR-192-3p	91.9895118352038	-2.0097130928183	0.766365906547169	-2.62239365771499	0.0087314512074554	0.0608555690216589
hsa-miR-25-5p	269.737760455041	1.1292403931426	0.432695442710358	2.6097811108644	0.00906001734821253	0.0625141197026664
hsa-let-7i-3p	942.763634311351	1.51184302734958	0.581947193626713	2.59790414647027	0.00937946724367185	0.0634493372366037
hsa-miR-129-5p	369.702175331914	-1.09981607367789	0.423275767012662	-2.59834405697266	0.00936745825323552	0.0634493372366037
hsa-miR-338-3p	154.127829873449	-1.47702459243034	0.57218630219998	-2.58137006557371	0.00984090284921446	0.0646687901519807
hsa-miR-5010-5p	24.1222300737587	1.63336848253732	0.632058370446088	2.58420512868857	0.00976037249863485	0.0646687901519807
hsa-miR-6812-3p	23.3613357888923	1.55527707674045	0.602265709678095	2.58237693388144	0.00981223507593176	0.0646687901519807
hsa-miR-483-3p	910.749270426507	1.78803864888954	0.696062987679854	2.56878857307082	0.0102054701599881	0.0664318340602996
hsa-miR-504-5p	1334.51536102424	1.17943497203332	0.461441986146563	2.55597671525864	0.0105890204391107	0.0682843374110874
hsa-miR-329-3p	37.6256786761407	1.26209175274283	0.497007850119266	2.53937991611193	0.0111049160272535	0.070948074618564
hsa-miR-642a-3p	25.1497552526024	1.49646939639445	0.590495027283381	2.5342624869833	0.0112684288056567	0.0713322557422305
hsa-miR-1270	194.537940102813	-1.35996966355363	0.540002415879365	-2.51845107274009	0.0117872258745812	0.0732719446257752
hsa-miR-4742-3p	41.407419881376	1.10515343512694	0.438670608294023	2.51932409929364	0.0117580372970175	0.0732719446257752
hsa-miR-574-3p	21329.7975654796	1.07967442781841	0.432340326792376	2.49727902050855	0.0125150439994635	0.0771016103538374
hsa-miR-4516	192.444538608598	1.24688489629215	0.500212075284225	2.49271250715742	0.0126771444983362	0.0774091124234686
hsa-miR-151a-5p	48105.1063708896	-0.778014877792343	0.313303946492654	-2.48325910510222	0.0130186354725459	0.0781179985684405
hsa-miR-339-5p	1302.24502969346	0.998039576296693	0.401911709703397	2.48323089922716	0.0130196664280734	0.0781179985684405
hsa-miR-26a-1-3p	15.4100035923623	-1.70647004504261	0.688724292578101	-2.4777259397295	0.0132222663589643	0.0786496878248737
hsa-miR-15b-5p	5993.90786452294	1.02364567115946	0.414389150234347	2.47025210621601	0.0135017861382121	0.0789860114097487
hsa-miR-423-5p	44675.6134891867	1.20944499222566	0.490831040260585	2.46407601194813	0.013736697636478	0.0789860114097487
hsa-miR-6503-5p	113.833392947876	1.75076466969222	0.710462837742205	2.46425932038333	0.0137296737430527	0.0789860114097487
hsa-miR-671-3p	1728.92872010986	0.918638530656729	0.372193536569761	2.46817432436671	0.0135804165700482	0.0789860114097487
hsa-miR-30e-3p	8251.18533282607	-1.25264860673219	0.509052187893651	-2.46074692639154	0.0138648127009709	0.0790638079642143
hsa-miR-421	405.765963527026	-1.09880047345732	0.448623082067736	-2.44927315909131	0.0143144843607031	0.0809493898354348
hsa-miR-500a-5p	198.745310885047	-1.26493915925623	0.518062584668254	-2.44167248647428	0.0146194026987157	0.0809493898354348
hsa-miR-548p	10.0528016528727	-2.06614937571033	0.846739198249792	-2.4401248695951	0.0146821858969336	0.0809493898354348
hsa-miR-663b	58.4249290896311	1.35671705472919	0.555286468184878	2.44327411608647	0.0145546776575339	0.0809493898354348
hsa-miR-6774-3p	44.6342944023174	1.76618387548937	0.724536276273309	2.43767487333254	0.0147820624916881	0.0809493898354348
hsa-miR-374a-5p	89.3915587331255	-1.34058154495327	0.551216052955624	-2.43204372906968	0.0150138945435514	0.0815715530318937
hsa-miR-625-3p	782.261809491541	1.39674381499171	0.57668369080565	2.4220275989432	0.0154341783101835	0.0831998674533329
hsa-miR-143-3p	892570.623460881	-1.40974670685322	0.586319987259729	-2.40439817418116	0.0161991184169584	0.0846772099068279
hsa-miR-514a-3p	56.7534974004014	-1.76902036750782	0.734926950178469	-2.4070696646493	0.0160811019637253	0.0846772099068279
hsa-miR-548q	11.2947677191159	-1.53098790527491	0.634965564487196	-2.4111353290652	0.015902946423136	0.0846772099068279
hsa-miR-941	10941.5630313846	1.36334307830948	0.566168217771183	2.40801768011017	0.016039404247071	0.0846772099068279
hsa-miR-103a-3p	31494.022770437	-0.944833519913846	0.395664163821234	-2.38796839923247	0.016941798456894	0.0875440432099345
hsa-miR-543	69.1159355497797	1.31372366162539	0.550439922319204	2.38667946919655	0.0170013069422192	0.0875440432099345
hsa-miR-152-3p	4377.22253633001	-1.0544730197262	0.443372298642587	-2.37830153790513	0.0173925966099841	0.088895493784363
hsa-miR-216b-5p	130.500550410487	-2.19629147427273	0.927171459885932	-2.36880832650192	0.0178454990654107	0.0904375006277594
hsa-miR-30b-5p	27845.6092096774	-1.18246103911101	0.499663378991773	-2.36651531576517	0.0179564312840624	0.0904375006277594
hsa-miR-1262	20.8006753628519	-1.57288907799068	0.667287029522862	-2.35714019365153	0.0184162926742457	0.0907660138944968
hsa-miR-151b	2845.21961518954	-0.810493127926507	0.343522503517262	-2.35935963329337	0.0183065049978686	0.0907660138944968
hsa-miR-197-5p	31.9384971225924	1.34146360960127	0.568328783708145	2.36036542236818	0.0182569411880678	0.0907660138944968
hsa-miR-509-3p	2299.69399996884	-1.39371392114227	0.593520975077229	-2.34821342406798	0.018863708974323	0.092311767321155
hsa-miR-125b-1-3p	818.127947628412	1.13832031390837	0.485462441214142	2.34481644153856	0.0190364489571134	0.0925010547916074
hsa-miR-485-5p	209.390358476734	1.09654728773909	0.476744404541637	2.3000737445327	0.0214440424693277	0.10347125387298
hsa-let-7c-5p	150543.337077131	-1.3533011283596	0.590053211850615	-2.29352387408446	0.0218178624901572	0.103675868777381
hsa-miR-4524a-3p	15.1559562556511	-1.55436681774447	0.677559580906556	-2.29406662018529	0.0217866723505566	0.103675868777381
hsa-miR-888-5p	7.66705287936965	-2.00469938735595	0.874859387932215	-2.2914532495264	0.0219372128137646	0.103675868777381
hsa-miR-34a-5p	457.616430875193	-1.23727332241652	0.550263827161832	-2.24850928108098	0.0245437339512186	0.115205281811842
hsa-miR-377-5p	100.482683474821	0.992002598347724	0.443165492435114	2.23844729628395	0.0251919006829964	0.117448726157213
hsa-miR-331-3p	3337.58398883991	0.84653419342522	0.378741520964825	2.23512381549484	0.0254092212696947	0.117666863597915
hsa-miR-4758-3p	30.1095795831252	1.42627700144903	0.64106567911023	2.22485315924046	0.0260910973787304	0.119224219810093
hsa-miR-548ah-3p	12.1735262291406	-1.85338691896522	0.832763492565143	-2.22558617844338	0.0260419128386665	0.119224219810093
hsa-miR-708-3p	76.7367320838935	-1.33391964236482	0.601438237864568	-2.21788299842884	0.0265628110234191	0.120581181619468
hsa-miR-431-5p	56.3358249564295	1.47227652885184	0.666903936019793	2.20762908918886	0.0272701396406452	0.122982982693106
hsa-miR-4446-3p	80.1432950267333	1.34658674223245	0.610763978251993	2.20475795918151	0.0274710835888738	0.123084725170928
hsa-miR-140-5p	77.39198216061	-1.01485548561929	0.46169318388402	-2.19811667367874	0.0279407926153971	0.123735451590301
hsa-miR-1908-3p	20.4385480437419	1.58865118915497	0.722890568708561	2.19763717763408	0.0279749716638942	0.123735451590301
hsa-miR-93-3p	321.703090085625	0.932576696439885	0.427633619557076	2.18078432983311	0.0291993721414415	0.128328450812705
hsa-miR-3605-3p	1002.28718357641	1.05927847227399	0.486612400857771	2.17684232955584	0.0294923335441018	0.128795633831837
hsa-miR-942-5p	53.7250987257943	1.12171448196299	0.516284735982667	2.17266636757716	0.0298054368365067	0.129344348535784
hsa-miR-27a-5p	208.872251631318	-1.2089829512816	0.558026234770808	-2.16653425224382	0.0302703853852206	0.130541036973764
hsa-miR-2116-3p	172.642932597523	0.853571206476666	0.396545922566079	2.15251540339424	0.0313567834276642	0.133556670154866
hsa-miR-506-3p	56.0075751991291	-1.63623233174913	0.759539660132228	-2.15424212537405	0.0312211888850553	0.133556670154866
hsa-miR-205-5p	5665.42728224345	1.52891063796069	0.712115305266942	2.14699870463754	0.0317933847413649	0.13458549369044
hsa-miR-487a-5p	14.9810782144777	1.25662199180637	0.588186513628981	2.13643455381744	0.0326440101185802	0.13734370110866
hsa-miR-6855-3p	16.9934159741635	1.14735304974693	0.541345552264625	2.11944671004902	0.0340527328356904	0.142402337312887
hsa-miR-193a-5p	6426.27228706875	-0.928314657487877	0.445594408256146	-2.08331756478022	0.0372222867278453	0.154719143627791
hsa-miR-653-3p	4.91172332645389	-1.92748148580682	0.926955933895067	-2.07936689903645	0.0375836405002679	0.155285700270568
hsa-let-7a-5p	778522.504554605	-1.11803546415044	0.538407651428999	-2.07655938986573	0.0378422443298935	0.155423503497777
hsa-miR-191-3p	127.340087409563	0.846847421849778	0.410376955842718	2.06358424807445	0.0390571523630929	0.158526089003142
hsa-miR-514b-5p	19.382744042919	-1.70077547432472	0.823773969837079	-2.06461424686809	0.0389595141592371	0.158526089003142
hsa-miR-6814-3p	31.9599344618602	-1.22985148029882	0.599564702643685	-2.05124063320603	0.0402435186685537	0.162386127960831
hsa-miR-4677-3p	55.8114685611437	-1.08867794577823	0.532295124850185	-2.04525252055359	0.0408299689892932	0.163794643038444
hsa-miR-628-5p	62.4967282666977	-1.19513337279549	0.586459753719421	-2.03787790247457	0.0415621450196312	0.165768092852864
hsa-miR-29c-3p	485.942118634015	-1.08850781845265	0.536861883529939	-2.02753790471315	0.0426074320743299	0.167995017893072
hsa-miR-4636	13.0450449753377	-1.30103492300782	0.641289695296142	-2.0287787758807	0.0424808280006389	0.167995017893072
hsa-let-7d-5p	50363.7290583146	-0.964296706095718	0.478570302877008	-2.01495308066272	0.0439095654593994	0.171141080998492
hsa-let-7f-1-3p	128.97236276263	-0.814161358785357	0.40403903834096	-2.01505617409747	0.0438987635541013	0.171141080998492
hsa-miR-4532	4889.29280949253	0.924030005563907	0.45910673787492	2.01266923208531	0.0441494382865674	0.171141080998492
hsa-miR-93-5p	8474.4795520392	-0.668745890449512	0.333022213898942	-2.00811195931947	0.0446313956978351	0.172042810231878
hsa-miR-196b-5p	1289.45152352834	-1.09049724637238	0.547496935256594	-1.9917869418964	0.0463944395867858	0.176862780745206
hsa-miR-6724-5p	100.583952313204	-0.955303641736097	0.479129865788144	-1.99383029518452	0.0461706036014752	0.176862780745206
hsa-let-7b-5p	493149.229005913	-1.03492131105482	0.521981038822416	-1.98267989463677	0.0474031967556653	0.178733364816443
hsa-miR-6802-3p	60.1786686551579	0.978117328825089	0.492942345527716	1.98424285862066	0.0472287728253905	0.178733364816443
hsa-miR-6511a-3p	838.717594808222	0.89199051268516	0.450609901768649	1.9795182244866	0.047757689833466	0.179091336875498
hsa-miR-326	1223.04629996693	0.988846960848998	0.500465028146252	1.97585626414644	0.0481710588724808	0.179665030389253
hsa-miR-1237-3p	62.7855372705455	0.828619032527498	0.420572649867115	1.97021616310359	0.0488136019050503	0.181082716744541
hsa-let-7g-5p	77672.8803404803	-1.31172416606167	0.666606055025305	-1.96776515330615	0.0490950653672285	0.181152914991378
hsa-miR-378a-3p	69900.4565321782	-1.1308577699729	0.575646650523237	-1.96449986974649	0.0494721513680136	0.181573321510263
hsa-miR-877-5p	2691.61298542639	0.902695683999775	0.461062225673998	1.95786085637396	0.0502463421326987	0.183439026833662
hsa-miR-181d-5p	374.209000443045	-0.805399253993318	0.416222449249583	-1.93502117784706	0.0529876969308907	0.191474220892666
hsa-miR-6511a-5p	22.8243191348552	-1.10122365841635	0.569136566270359	-1.93490231287165	0.0530022843340569	0.191474220892666
hsa-miR-15b-3p	55.3598766411033	-1.27889286352538	0.665751626892791	-1.92097594938559	0.0547347396384063	0.195739834617845
hsa-miR-92b-3p	154233.913503598	1.05219419539627	0.547774845629416	1.92085161228471	0.0547504175090494	0.195739834617845
hsa-miR-18a-3p	252.486668649817	0.82672247701159	0.431063504797242	1.91786701451438	0.0551278757048659	0.196073372352358
hsa-miR-371b-5p	18.0438586858863	1.35185915632971	0.707163162829414	1.91166512537335	0.0559191602203707	0.19786779770285
hsa-miR-203a-3p	873.442724302188	-0.850845850675683	0.448149601405895	-1.89857549355502	0.0576203130819036	0.20049409512832
hsa-miR-451a	9638.18196798394	-1.04752752662665	0.552094104710203	-1.89737133160749	0.0577789465631505	0.20049409512832
hsa-miR-455-5p	72.2280307800046	-0.926955354508081	0.488634429469457	-1.89703242056549	0.0578236593196169	0.20049409512832
hsa-miR-509-5p	22.2147446362252	-1.4006931940872	0.737486638928312	-1.89927941762123	0.0575277475867014	0.20049409512832
hsa-miR-1306-3p	14.3172005818474	-1.0835480846403	0.57285570826636	-1.89148518379865	0.0585596069515559	0.201441278918892
hsa-miR-6087	63.2386147667593	1.2228768780797	0.646827044472227	1.89057784230018	0.0586807203807206	0.201441278918892
hsa-miR-6803-3p	218.361421363534	0.973594276875811	0.515903854758787	1.88716224524242	0.0591385066732677	0.202007770319578
hsa-miR-200a-3p	1793.99843193904	-0.8513392930249	0.452730670139947	-1.88045420638663	0.0600462018606582	0.204097927506671
hsa-miR-1273h-5p	28.5030345611185	1.48093028097051	0.789210104382352	1.87647151594633	0.0605905624188373	0.204938667004891
hsa-miR-4326	53.0276380557408	1.0427180348496	0.556584059464291	1.87342417936513	0.0610098336922291	0.205350171939698
hsa-miR-378i	891.215630911669	-1.02748265270746	0.552162353313814	-1.86083431175813	0.0627675784314523	0.210240918047097
hsa-miR-433-3p	223.570116116448	0.80749136131932	0.434452957476542	1.85863934730591	0.0630782759202121	0.21026091973404
hsa-miR-125b-2-3p	6431.31649820624	-0.697877656472764	0.377269936554737	-1.84980988107838	0.064340956202898	0.213438748942306
hsa-miR-4484	9.45173470891753	-1.28503132098529	0.695911674633937	-1.84654370349692	0.0648132997799169	0.213976922718386
hsa-miR-144-5p	41.4048979927539	-1.14616810268158	0.625567443049413	-1.83220548865911	0.0669208114518703	0.21780830142354
hsa-miR-29b-1-5p	126.780531463227	-1.00147899857393	0.546026075601031	-1.83412302694806	0.0666357339977598	0.21780830142354
hsa-miR-508-5p	157.427788333073	-1.28325641397215	0.699083623337077	-1.83562648463502	0.0664129173904094	0.21780830142354
hsa-miR-3940-3p	27.3592490475107	1.20435571876344	0.662761460626216	1.81717826142983	0.0691898224440335	0.22413604453701
hsa-miR-1226-3p	162.929854800762	0.790939218942762	0.436084137602728	1.81373077060488	0.0697191853306624	0.224795504103538
hsa-miR-330-5p	68.5337797516991	0.953056608088755	0.533250661881871	1.78725818121888	0.073895769631079	0.237153865327649
hsa-miR-1260b	14709.1137556745	0.861026903685116	0.484731171930541	1.77629777811874	0.0756838492553874	0.241767851788043
hsa-miR-1246	371.79558833559	0.932631761740993	0.526229520176794	1.77229084644978	0.0763462899184585	0.242760092367449
hsa-miR-511-5p	255.302555985639	1.03680883811892	0.586767558406532	1.7669839159727	0.0772309219728262	0.244446496152523
hsa-miR-429	313.144519158535	-0.977025574479447	0.554099469646332	-1.7632674781354	0.0778553876824942	0.245297796807858
hsa-miR-3651	38.6521491654519	0.875131158431451	0.499191360640773	1.75309756424493	0.0795852615784806	0.249608320405234
hsa-miR-130a-3p	8703.55053172332	-0.777080938999474	0.445158759986321	-1.74562652439627	0.0808758701275092	0.252508372796296
hsa-miR-25-3p	42046.1762240715	-0.709723840525946	0.408047834980676	-1.73931529512847	0.0819793183906401	0.253848507458112
hsa-miR-361-5p	4803.96752142747	-0.661478342452712	0.380386199943497	-1.73896514266545	0.0820408944393608	0.253848507458112
hsa-miR-101-3p	4036.67423650142	-1.00690719965746	0.582670377380657	-1.7280905958939	0.0839719832419686	0.258663698379278
hsa-miR-190b	13.8278602857968	-1.34071158363591	0.777098779270511	-1.72527820066128	0.0844773485701806	0.259063868948554
hsa-miR-146b-5p	20782.2747602353	-1.30258936805423	0.756973038805666	-1.72078700465927	0.0852894814262101	0.259249965568656
hsa-miR-708-5p	202.275245680248	-0.872861729492051	0.506659908719803	-1.72277639195401	0.0849289695711552	0.259249965568656
hsa-miR-181b-5p	20327.0535405416	-0.645332771874723	0.376827542052803	-1.71254141446035	0.0867969392847858	0.262319443147715
hsa-miR-6761-5p	27.2185110577366	-0.979896062700047	0.572664785498878	-1.71111632409248	0.0870596412765605	0.262319443147715
hsa-miR-510-5p	15.1087639006978	-1.34466473062743	0.788214593483931	-1.70596274383094	0.0880150163878929	0.264045049163679
hsa-miR-301b-3p	9.13639449898198	1.24770441988187	0.734266372293735	1.69925311434899	0.0892715025436204	0.266655137467957
hsa-miR-6836-3p	21.5944928390121	1.1028231437599	0.649967780100941	1.69673509598989	0.0897467542918888	0.266919226126738
hsa-miR-24-3p	6530.86478804499	-0.67406150173028	0.398902407711035	-1.68979050690155	0.091068040615705	0.269475290991562
hsa-miR-381-3p	359.010861313357	-0.778639634847125	0.4618010176426	-1.6860933716039	0.0917778164971262	0.269475290991562
hsa-miR-4646-3p	27.9057524501718	0.888545103172774	0.5265225527883	1.68757273257777	0.0914932771798225	0.269475290991562
hsa-miR-33b-3p	19.4541589151699	1.17143288644839	0.699874450701081	1.6737757540298	0.0941746791631928	0.274179445664992
hsa-miR-744-5p	2910.61000037917	0.516378622913702	0.308309704089784	1.67486983401381	0.0939597734432957	0.274179445664992
hsa-miR-323a-3p	210.670980481282	0.892718422994309	0.535502649770045	1.66706630373848	0.0955012215160696	0.276675976579324
hsa-miR-365b-5p	88.9405608214163	0.92212829198378	0.553714423942546	1.66534995678469	0.0958429571868718	0.276675976579324
hsa-miR-4423-5p	19.4605511822583	-1.15760886458687	0.695935048219644	-1.66338635702899	0.0962351222884607	0.276675976579324
hsa-miR-148a-3p	20911.748935022	-0.861455295474328	0.520451391117279	-1.65520797941379	0.0978823171919604	0.277837576845182
hsa-miR-1910-5p	126.632108823252	0.877052523584046	0.529590461906182	1.65609576960134	0.0977024259279456	0.277837576845182
hsa-miR-618	90.4899354642584	0.738272545655054	0.446518243235009	1.65339839265311	0.0982498097829341	0.277837576845182
hsa-miR-937-3p	62.9124278131491	0.82974631701985	0.501534746618988	1.6544144201642	0.098043338522712	0.277837576845182
hsa-miR-7641	158.094886617704	1.08662734119121	0.659517339898046	1.64760996482547	0.099432734274168	0.280035047547657
hsa-miR-1273g-3p	21.0709522847684	1.24894035688028	0.760475323207737	1.64231542926622	0.100524651162285	0.280837463718295
hsa-miR-1468-5p	1647.76578978308	-0.849293011283749	0.517685067994177	-1.64055921986396	0.100888946037533	0.280837463718295
hsa-miR-4781-3p	82.474143229879	0.691595294312493	0.421622221206179	1.6403198397228	0.100938682611793	0.280837463718295
hsa-miR-503-5p	94.3776758821315	-0.717688823210686	0.440107797492572	-1.63071144683093	0.102951220097587	0.285286513523435
hsa-miR-224-3p	9.04075885680102	1.18530004528453	0.72920368246811	1.62547183150898	0.104062061142566	0.286067020670798
hsa-miR-3064-5p	10.9257736979757	-1.09209812904368	0.671326636400686	-1.62677610246326	0.103784658871775	0.286067020670798
hsa-let-7d-3p	12310.5202339135	0.654133172020546	0.404011743806621	1.61909444972383	0.105426942835586	0.287050951601786
hsa-miR-1538	32.9926809605077	0.721245841296543	0.445381715333324	1.6193880809785	0.105363789715205	0.287050951601786
hsa-miR-6501-3p	12.3374248854121	1.22298167110153	0.755871896850994	1.61797478672847	0.105668031459208	0.287050951601786
hsa-miR-513c-5p	118.628459971221	-0.976393142147584	0.604986711760129	-1.61390841016474	0.106547294176816	0.288114750174214
hsa-miR-98-3p	74.2036953223148	-1.1422352432916	0.708446921613903	-1.61230885256652	0.106894747890723	0.288114750174214
hsa-miR-139-3p	193.531283542793	-0.822070885398383	0.511712175933492	-1.60651030806277	0.108161831912901	0.290395579843975
hsa-miR-6788-3p	12.6523644354203	1.13526368586545	0.708574273674391	1.60218022025894	0.10911576269413	0.291821225809884
hsa-miR-210-3p	1215.8560076176	-0.802208616326204	0.503149622757274	-1.59437388013943	0.110852319089508	0.294010996390768
hsa-miR-34c-3p	36.2010749312015	1.23197499862876	0.772707273521584	1.59436185065799	0.110855011843949	0.294010996390768
hsa-miR-675-5p	22.3732661363827	-1.14708450022964	0.720184266651359	-1.59276528708859	0.111212855156508	0.294010996390768
hsa-miR-4488	93.9313204899722	1.07530523406142	0.680188841113639	1.58089220090832	0.113902687875804	0.298832146898498
hsa-miR-92a-1-5p	251.946262577695	0.611632823714032	0.386478425553187	1.58257947474964	0.113517344782463	0.298832146898498
hsa-miR-196a-3p	12.9266873148609	-1.3939730514317	0.884418868698596	-1.57614576166031	0.114992214884866	0.299597879095002
hsa-miR-6894-3p	98.2653931874997	0.746556355759106	0.473751722942355	1.57583881937659	0.115062953565472	0.299597879095002
hsa-miR-615-3p	2884.17787694117	0.535242469632399	0.342270795026599	1.56379824808249	0.117864955859864	0.305739923095135
hsa-miR-365a-5p	70.9730597611144	0.829214026211621	0.531723825477157	1.55948254804551	0.118882211998265	0.3072236939281
hsa-miR-1299	84.4877756815373	-1.29521777318221	0.832534156760611	-1.55575331374018	0.119766763621266	0.308354727233856
hsa-miR-193a-3p	71.1540808287358	-0.847308226259677	0.546452850211962	-1.55056053954338	0.121007034859767	0.309422460503752
hsa-miR-7114-3p	54.2427705784908	-0.817188139298571	0.527128641648993	-1.55026320850675	0.121078354110164	0.309422460503752
hsa-miR-4417	18.7667599042821	-1.16092257981354	0.753240654959847	-1.54123728209469	0.123259046860003	0.313832997540229
hsa-miR-585-3p	45.914046028997	-0.819029819386541	0.53249845892733	-1.53808861914155	0.124026948302748	0.314627185032707
hsa-miR-221-5p	153.312675814025	0.64646813976567	0.424141035124445	1.52418202019994	0.127463248155062	0.320984092069318
hsa-miR-378g	63.4020697780573	-0.878758123237479	0.576250994889362	-1.52495723396746	0.127269764850584	0.320984092069318
hsa-miR-1275	244.528296772626	0.658798648020022	0.433356892783872	1.52022192098508	0.128455209804349	0.321409056266581
hsa-miR-1292-5p	14.5943820945545	0.92254561844218	0.607021548186916	1.51979055965589	0.128563622506632	0.321409056266581
hsa-miR-454-3p	86.1064901817172	-0.832853382173704	0.549485947751591	-1.5156955070127	0.129596364271481	0.322821268401885
hsa-miR-101-5p	80.2871539499108	-0.962604343243156	0.63646926453788	-1.51241292687098	0.130428848404628	0.323726278414365
hsa-miR-885-5p	95.7978960910309	-0.958296825784845	0.636607185395131	-1.50531889644011	0.132242109257787	0.327050377734313
hsa-miR-19b-3p	233.982307619572	-0.843972985042164	0.562152602428494	-1.50132362884421	0.133271876332564	0.327828023913261
hsa-miR-382-5p	105.97826437726	-0.871110933601153	0.580579753970649	-1.50041562359612	0.13350677495598	0.327828023913261
hsa-miR-22-3p	92788.3750514699	-0.738333820157859	0.494145734450267	-1.49416208353847	0.135133260254279	0.329476853623506
hsa-miR-3656	947.451667402559	0.957093148927559	0.640192733459214	1.4950078295266	0.13491239878877	0.329476853623506
hsa-miR-6737-3p	130.617347734428	0.578716118169159	0.388726933454018	1.48874715993306	0.136553961338881	0.331768427196577
hsa-miR-19a-3p	5.50851602494242	1.28631013943807	0.867973937574994	1.48196862112225	0.138348644491001	0.334019548672451
hsa-miR-200a-5p	494.48950860957	-0.625574719020827	0.422231215870349	-1.48159277549227	0.138448682493219	0.334019548672451
hsa-miR-99a-5p	6839.67400111813	-0.694591210143253	0.469454367289441	-1.47957130349797	0.138987689460728	0.334151587902099
hsa-miR-223-3p	2720.59418539294	0.944123080560644	0.63898385271848	1.47753824536252	0.139531414213832	0.334294013220639
hsa-miR-6819-3p	40.3232773942537	0.828274296125262	0.566052596411922	1.46324617425219	0.143400030242473	0.342373774627357
hsa-miR-188-3p	15.2238506876123	-1.00946258385805	0.69115889265631	-1.46053620170959	0.144142765640272	0.342960373419957
hsa-miR-323b-3p	132.889911983383	0.82678290819871	0.571234344203851	1.44736204429554	0.147795550368201	0.348180312004286
hsa-miR-3937	15.3456431710545	-1.01773826439423	0.702656535620039	-1.44841499765764	0.147501022880946	0.348180312004286
hsa-miR-410-3p	693.895952410901	0.697353004080005	0.482375836571956	1.44566321778429	0.14827168582508	0.348180312004286
hsa-miR-505-3p	1058.28421125779	0.526809502554241	0.364481714748468	1.44536606704069	0.148355089462696	0.348180312004286
hsa-miR-4687-5p	42.1915472625003	0.876287064365427	0.607583749216901	1.44224901586794	0.149232137420664	0.348439472445906
hsa-miR-542-3p	13.5930667138132	-1.016179470581	0.705001313090564	-1.44138663533306	0.149475483831867	0.348439472445906
hsa-miR-138-1-3p	144.504115012538	-0.831484080714328	0.581511508797331	-1.42986693837579	0.152755212604099	0.354885847464067
hsa-miR-24-1-5p	25.4006451471431	-0.791792127858595	0.559645901658644	-1.41480912396916	0.157124468246095	0.363811688220823
hsa-miR-2277-3p	33.748887089799	0.722621099522468	0.51189863583173	1.41164880884739	0.158053393270896	0.364241028027571
hsa-miR-378f	84.405196374751	-0.8578643303674	0.608160119343609	-1.41058958501471	0.158365664359813	0.364241028027571
hsa-let-7i-5p	25086.1567757262	-0.684393574417879	0.497091227645517	-1.37679672534058	0.168575103573891	0.38643462281058
hsa-miR-30c-1-3p	329.276893721195	-0.603472087593912	0.44617882619994	-1.35253412344468	0.176204510286498	0.399223477222274
hsa-miR-320b	3561.9162142573	0.663592416997582	0.489979046878654	1.3543281518361	0.175631708516918	0.399223477222274
hsa-miR-411-3p	18.4586283717415	-0.933158100204279	0.693125218495891	-1.34630522061983	0.178204102876029	0.399223477222274
hsa-miR-425-5p	4013.6448139134	0.621082946468261	0.461226196727345	1.34659078533524	0.178112063524915	0.399223477222274
hsa-miR-4632-3p	8.57608088857254	0.908155339218397	0.672263600326831	1.35089173172084	0.176730117214204	0.399223477222274
hsa-miR-625-5p	79.4907251599463	0.639200442667061	0.474478183693405	1.3471650850023	0.177927070170833	0.399223477222274
hsa-miR-628-3p	85.040724334927	-0.622008687185979	0.459695289280189	-1.35308910421933	0.176027166082482	0.399223477222274
hsa-miR-3928-3p	53.1052908270714	0.652484518587887	0.485422367227279	1.34415833022871	0.178897193168249	0.399479169210654
hsa-miR-185-5p	154.387734396991	-0.704963938981107	0.529148619133124	-1.33226075527895	0.182774518292531	0.40552430340573
hsa-miR-369-5p	161.672416389463	0.572417473995142	0.429663917683755	1.33224469273787	0.182779794723452	0.40552430340573
hsa-miR-509-3-5p	60.9191301439587	-0.943296193357279	0.712941189974574	-1.32310519664451	0.185800396799607	0.410904723691438
hsa-miR-29b-2-5p	175.7389208585	-0.580018623379803	0.441129679619073	-1.31484833185712	0.188560880300994	0.412591237118349
hsa-miR-3679-5p	26.7783556955511	0.832149440293694	0.633450428295139	1.31367728731881	0.18895482743391	0.412591237118349
hsa-miR-5588-3p	23.7030036654904	-0.892623399845149	0.679290351297526	-1.31405281723806	0.188828430640816	0.412591237118349
hsa-miR-889-3p	32.0274933498433	-0.87233191738837	0.66326027673299	-1.3152180945996	0.188436615592152	0.412591237118349
hsa-miR-146b-3p	6556.49926421362	0.79215621295716	0.607046476549346	1.30493503143291	0.191914971325953	0.415707672997781
hsa-miR-4709-5p	10.3977238525817	-0.925911678628807	0.708236654422848	-1.30734786578272	0.19109459473595	0.415707672997781
hsa-miR-6866-5p	14.8900838029061	-0.833421684251644	0.639063675426972	-1.30412933217463	0.192189489400423	0.415707672997781
hsa-miR-4497	16.4086445193921	1.23732586292987	0.955609458022593	1.29480286380822	0.195388243825453	0.421305900748634
hsa-miR-99b-5p	135444.579572974	0.48957109633597	0.378953043143709	1.29190438022241	0.19639026064235	0.42214728923122
hsa-miR-195-5p	3875.28343105057	-0.839293575561047	0.650575249111229	-1.29007916717956	0.197023172302529	0.422192512076847
hsa-miR-1273h-3p	139.292572410413	0.922160839257154	0.718313264819328	1.28378645421381	0.199216684477826	0.424942455102051
hsa-miR-363-3p	2566.34096501488	-0.58477643780634	0.45625307152517	-1.2816931529941	0.199950307786248	0.424942455102051
hsa-miR-6786-3p	40.6135165158169	0.595000129422681	0.464440085119808	1.28111278179013	0.200154054939372	0.424942455102051
hsa-miR-129-2-3p	171.987448944522	0.766581210493373	0.599363171901582	1.27899284846158	0.200899574282616	0.425216890352776
hsa-miR-769-3p	24.7251270420252	-0.672331524653483	0.527463644226998	-1.27464998206424	0.202433157960584	0.427152535146187
hsa-miR-766-5p	11.5329802565617	0.842981124727745	0.664723267141128	1.26816852425413	0.204737774812075	0.430698367744914
hsa-miR-513b-5p	15.6224254557421	-0.986965044926314	0.781920635097111	-1.26223174146534	0.206865410186224	0.430850645812419
hsa-miR-665	22.1459876670855	0.993315328426854	0.787718589750567	1.2610027760566	0.207307846970613	0.430850645812419
hsa-miR-7702	143.837223824137	1.20578243725892	0.952515348880759	1.26589292096527	0.205551421176689	0.430850645812419
hsa-miR-7706	1083.90181772446	0.537296586093564	0.426002766664762	1.26125140054873	0.207218284929949	0.430850645812419
hsa-let-7e-3p	810.237402137877	0.507869839979838	0.406122981495339	1.25053213711243	0.211105223265679	0.434249311804996
hsa-miR-140-3p	42484.1649973753	-0.460310510634049	0.36797628184436	-1.2509244028634	0.210962059728347	0.434249311804996
hsa-miR-183-3p	73.8076363935351	0.668199857001451	0.534748364823162	1.24955942076124	0.211460534444172	0.434249311804996
hsa-miR-26a-5p	670508.51029655	-0.619506633883121	0.495192629339432	-1.25104171019169	0.210919260221841	0.434249311804996
hsa-miR-195-3p	546.50519542324	-0.569185403965434	0.458929772913911	-1.24024510406346	0.21488475016735	0.438670052116779
hsa-miR-222-3p	20256.2654789966	0.508034755735848	0.409107758748721	1.24181158844237	0.214306086072096	0.438670052116779
hsa-miR-370-3p	77.1489712055667	0.637657009775009	0.517872937459209	1.23130011949164	0.218210637225394	0.44414554479505
hsa-miR-149-5p	4022.15766612116	0.57895833811534	0.473748642691252	1.22207914903232	0.2216776973001	0.447244477008975
hsa-miR-27b-3p	157294.810865205	-0.518085256069471	0.423602574265649	-1.22304557985186	0.221312481279095	0.447244477008975
hsa-miR-3613-3p	74.0882333010208	0.611776295858544	0.499636791570462	1.22444204706304	0.220785515751895	0.447244477008975
hsa-miR-5193	44.2116276507598	0.665623882819781	0.548934887611115	1.2125734724504	0.225292936214871	0.453213195301052
hsa-miR-1228-3p	27.8835637631633	0.781707039022047	0.646510163072676	1.2091179438028	0.22661753640391	0.454274413904402
hsa-miR-141-5p	11.5678558574312	-0.81114253165749	0.672557466728594	-1.20605683794277	0.227795575668004	0.454274413904402
hsa-miR-2277-5p	43.4308169182955	0.615539333653132	0.509810813465843	1.20738775521162	0.227282848949984	0.454274413904402
hsa-miR-6726-3p	23.8282156991191	0.720232856019991	0.599202878662286	1.2019849731495	0.22936935014916	0.456094673207263
hsa-miR-21-3p	1825.25709793466	-0.813587538353006	0.683525257408063	-1.19028160193837	0.233935729483759	0.462509035369037
hsa-miR-6873-3p	13.3811021255316	0.690172765699619	0.579653615803261	1.19066412575242	0.233785466536611	0.462509035369037
hsa-miR-122-5p	28.8115886963969	-1.0474135531967	0.884241525504629	-1.18453332374201	0.23620201314487	0.465655397342744
hsa-miR-1229-3p	97.8816490948014	-0.559100343333	0.473562229438857	-1.18062697693501	0.237750941970094	0.466045880566378
hsa-miR-4640-3p	45.7138614253286	0.658447774383558	0.557230383815988	1.18164370340759	0.237347104811803	0.466045880566378
hsa-miR-6853-3p	14.0481433820185	0.860926603516139	0.7331015394627	1.17436201831894	0.240250051839424	0.469610582915588
hsa-miR-1180-3p	3607.78562913733	-0.454045980231357	0.38840299583062	-1.16900741010083	0.242400645870195	0.472475835170719
hsa-miR-4695-3p	20.521608330119	-0.78665019691329	0.674523253842089	-1.16623139740925	0.243520901435446	0.473322315466079
hsa-miR-3615	2907.06494125407	0.453682267761784	0.391411988636429	1.15909139457452	0.246418933206964	0.477609730092149
hsa-miR-4738-3p	6.64135760003452	0.859922955064597	0.74746896188791	1.15044637156927	0.249960070268601	0.481766615880822
hsa-miR-4768-5p	42.299993183845	-0.514093801004619	0.44623005562362	-1.1520824169635	0.249287207704645	0.481766615880822
hsa-miR-6734-5p	36.9346385594629	0.723786398634542	0.631827202483758	1.1455448511702	0.251983527291728	0.483948548388082
hsa-miR-6833-3p	43.2881217928586	0.544046586311173	0.475436161329436	1.14431048910938	0.252494894811173	0.483948548388082
hsa-miR-769-5p	4300.83673925989	-0.502562486454884	0.440311395247148	-1.14137969600536	0.253711950259536	0.484934198557009
hsa-miR-3188	26.3830743203193	-0.835620417030945	0.735534512181166	-1.13607234357091	0.255926288580631	0.487815301438219
hsa-miR-1260a	12076.4901725568	0.783919710303749	0.697513435086408	1.12387757836756	0.261064964456047	0.493953252046968
hsa-miR-155-5p	7661.03394689252	0.71836622943376	0.640922257102194	1.1208320845054	0.262359344227937	0.493953252046968
hsa-miR-3609	19.8240132652371	0.739754052738991	0.65846000702141	1.12346087059307	0.261241810152653	0.493953252046968
hsa-miR-4749-3p	26.0834637138429	-0.63639133921285	0.568506095186661	-1.11940987898098	0.26296531835698	0.493953252046968
hsa-miR-6511b-3p	653.208894787106	0.5806158373632	0.51919815798912	1.11829333064654	0.26344173442505	0.493953252046968
hsa-miR-6776-3p	8.68315694226667	-0.958660844273164	0.854582776895071	-1.121788163993	0.261952519879728	0.493953252046968
hsa-miR-3177-3p	43.9141728660164	0.633184319138615	0.570469681049548	1.10993509413802	0.267026996488441	0.496260252681107
hsa-miR-3196	72.0210496068458	0.663752062845391	0.598980608438201	1.10813614580291	0.267803022616695	0.496260252681107
hsa-miR-3605-5p	109.368230122209	0.411925479701923	0.372649229618264	1.10539737362101	0.26898744130831	0.496260252681107
hsa-miR-411-5p	406.4952287	-0.619996379498393	0.56034534018424	-1.10645406508518	0.26853003555721	0.496260252681107
hsa-miR-636	20.4486687195153	0.690529989523471	0.623995956223535	1.10662574434393	0.268455771927312	0.496260252681107
hsa-miR-6780b-3p	12.0826987393156	0.675208546916625	0.607526274312729	1.11140633000682	0.266393488881981	0.496260252681107
hsa-miR-130b-3p	689.095582591837	0.585861611492765	0.533754833008701	1.09762305699481	0.272369120430406	0.501159181591948
hsa-miR-301a-3p	25.7000435775261	0.601227807779981	0.549754003749541	1.09363061238184	0.274117017565403	0.503033888617362
hsa-miR-378d	244.220388018509	-0.618346001947135	0.568635628110299	-1.08742043477303	0.276851044223015	0.505363017232488
hsa-miR-483-5p	806.992306910821	0.795185837152864	0.730785459875534	1.0881248749644	0.276539983728499	0.505363017232488
hsa-miR-132-5p	103.520891394264	-0.543360616138446	0.501554406612445	-1.08335328924406	0.278651640471368	0.507307735950511
hsa-miR-182-5p	29536.5068375284	-0.666743657332863	0.617811770295839	-1.07920193397027	0.280497717726223	0.508674953079559
hsa-miR-378a-5p	731.16225144694	-0.525771712148203	0.489158056617822	-1.07485035774232	0.282441730437763	0.508674953079559
hsa-miR-424-3p	1770.76542270125	-0.469330534030822	0.437234576715444	-1.07340672267158	0.283088669539928	0.508674953079559
hsa-miR-619-5p	22.44648546907	0.877560537770377	0.814339029368566	1.07763536576508	0.281196513074236	0.508674953079559
hsa-miR-940	85.0984917081846	0.422474089412929	0.393180399959072	1.07450445001049	0.282596651382894	0.508674953079559
hsa-miR-1268b	292.803532246353	-0.51542976119247	0.481975369772912	-1.06941099798382	0.284884513769436	0.510401785754594
hsa-miR-6756-3p	236.275865073442	-0.678166967821353	0.63499913717713	-1.06798092803106	0.285529114929382	0.510401785754594
hsa-miR-660-3p	35.943892547239	-0.590312566465986	0.555215290232537	-1.06321381426428	0.287684999123676	0.512926742623608
hsa-miR-152-5p	31.2665792395904	-0.524087749180237	0.493825985965383	-1.06128021626018	0.288562573844638	0.513016648447541
hsa-miR-16-5p	15379.9739712619	-0.555206371366295	0.524672351804837	-1.05819635712921	0.289965931731219	0.513016648447541
hsa-miR-221-3p	18165.4195587846	-0.406040912051892	0.383208337395481	-1.05958266673318	0.289334502612909	0.513016648447541
hsa-miR-337-5p	11.3409215220529	-0.775297604646823	0.737522907944333	-1.0512183368077	0.293158323276169	0.516018477195298
hsa-miR-503-3p	18.6725065629434	0.623846993489974	0.593104734837813	1.05183276552423	0.29287628336877	0.516018477195298
hsa-miR-31-5p	3798.11509203428	0.493296088046683	0.471198507272786	1.04689654239737	0.295147296740491	0.516882321702891
hsa-miR-501-3p	1748.26584871134	-0.555369280546752	0.530110313118398	-1.04764851164613	0.294800577895268	0.516882321702891
hsa-miR-6502-5p	25.4944372798575	-0.727009451871976	0.698239235871774	-1.04120395205847	0.297780901920006	0.520174233733681
hsa-miR-199a-3p	18282.7525859909	-0.626659879527686	0.604895305094471	-1.03598072964017	0.300211132749722	0.520466536676654
hsa-miR-199b-3p	18269.210715284	-0.626784375446831	0.604882282962615	-1.0362088510461	0.300104718402559	0.520466536676654
hsa-miR-664a-3p	4264.31481464337	0.480859749682124	0.463712455318145	1.03697829154107	0.299745974362453	0.520466536676654
hsa-miR-1976	239.51534040019	0.438760888119988	0.426504291275943	1.02873733534398	0.303603120569692	0.523325856630157
hsa-miR-335-3p	827.391186918233	0.558612442504403	0.544459510739642	1.02599446145322	0.304894194732353	0.523325856630157
hsa-miR-675-3p	150.13847829847	0.5686369489981	0.552067912606475	1.0300126778124	0.303004054301409	0.523325856630157
hsa-miR-6895-3p	14.0739155094038	0.688225889322353	0.669885587615677	1.02737825987861	0.304242384353755	0.523325856630157
hsa-miR-4662a-5p	47.1688124795864	-0.643387689671229	0.631050333205521	-1.01955051097595	0.307941686033564	0.527245070380047
hsa-miR-126-5p	3806.2376034052	-0.611230736894967	0.600548293638564	-1.01778781718233	0.308778802913112	0.527369737648632
hsa-miR-5001-3p	15.87206472969	0.607463181714435	0.598010022232753	1.01580769406905	0.309720971395995	0.527672766082065
hsa-miR-576-5p	256.884458087141	0.471640359455293	0.465371869795937	1.01346985081437	0.310835789831033	0.528267721634022
hsa-miR-550a-5p	50.5529112670643	0.477667164623509	0.475019285526684	1.00557425598813	0.314620412897974	0.533385957984281
hsa-miR-99b-3p	506.126520234668	-0.377696676123184	0.379514816990211	-0.995209302020286	0.31963447858245	0.540558309367378
hsa-miR-3653-3p	98.5038107369786	0.528518301126796	0.534175361173495	0.989409732350307	0.322462714755387	0.544008002888061
hsa-miR-1268a	287.756013402832	-0.467771137969659	0.478578731414814	-0.977417313524978	0.328362595023903	0.548016293335981
hsa-miR-1269b	375.469938662659	-0.929224703049405	0.950628908464881	-0.977484163142019	0.328329514349754	0.548016293335981
hsa-miR-191-5p	268437.105230515	0.422633654006068	0.430127849468431	0.982576818795565	0.325815758078415	0.548016293335981
hsa-miR-582-5p	98.2224469873855	-0.53101243477391	0.544663229803292	-0.974937182680181	0.329591420657928	0.548016293335981
hsa-miR-6795-3p	13.350922706292	-0.653380694549759	0.670194658909749	-0.97491181981763	0.32960400251367	0.548016293335981
hsa-miR-6883-3p	32.5540657038088	-0.6860858358915	0.702449935073459	-0.976704248424129	0.328715591291438	0.548016293335981
hsa-miR-4433b-5p	30.0383721227682	0.745768135780371	0.769599598058591	0.969033946563463	0.332528252199109	0.551549264464868
hsa-miR-6732-3p	54.9459294435119	0.716012351965506	0.741671696367107	0.965403365765086	0.334342816315384	0.553229120521859
hsa-miR-6772-3p	125.493139314062	-0.689631750070456	0.717379503318424	-0.961320677382595	0.336390954327824	0.555286503555498
hsa-miR-449c-5p	25.9206264889616	-0.720687826963299	0.754535586639142	-0.955140936656668	0.339506429532579	0.559091733597803
hsa-miR-148b-3p	9323.65583644692	0.375654121210505	0.396929006049622	0.946401284575163	0.343943950458945	0.561043323443669
hsa-miR-2276-3p	23.4670414521966	0.520656916051244	0.550120346492929	0.946441845626112	0.343923270604156	0.561043323443669
hsa-miR-379-3p	12.3923036419139	0.662633407678545	0.697024794651878	0.950659736587262	0.341777133560386	0.561043323443669
hsa-miR-4685-3p	81.766549420825	0.415937798919116	0.439324219409505	0.94676728607901	0.343757375107921	0.561043323443669
hsa-miR-17-3p	126.704282798679	0.414675155846085	0.440868412916438	0.940587131436614	0.346916479067104	0.561963983150414
hsa-miR-664b-5p	92.6990313857093	0.479408413466666	0.510197059819246	0.939653422613827	0.347395363936435	0.561963983150414
hsa-miR-6810-5p	11.637567289455	-0.564870728831069	0.601610410944984	-0.938931106500957	0.347766117109024	0.561963983150414
hsa-miR-874-3p	474.887885821177	0.425629431966911	0.452608866203617	0.940391282073186	0.347016892348463	0.561963983150414
hsa-miR-148a-5p	3571.28739034024	-0.456776464616539	0.489898713213977	-0.932389598698597	0.351135218190247	0.566082477923528
hsa-miR-23a-3p	25859.4222152158	-0.40392753245981	0.439823575981095	-0.918385358399186	0.358417153331319	0.574214172942231
hsa-miR-31-3p	26.5027087365214	-0.657664007624007	0.716494482822739	-0.917891237672955	0.35867580947551	0.574214172942231
hsa-miR-5701	831.478979137405	0.834765372491045	0.907831033659086	0.919516233242717	0.357825618737575	0.574214172942231
hsa-miR-142-5p	8993.55553477387	0.699383819797733	0.777171872469956	0.899908816276376	0.368168777972403	0.574743114934294
hsa-miR-16-2-3p	300.843037968491	-0.473147416623436	0.516820981737125	-0.915495758382537	0.359931428197437	0.574743114934294
hsa-miR-199b-5p	453.834245139601	0.620001836156762	0.678619005922036	0.913622858697228	0.360915050910399	0.574743114934294
hsa-miR-214-5p	399.362757133964	0.435277965272384	0.480841728381291	0.905241661820215	0.365337374924342	0.574743114934294
hsa-miR-29b-3p	79.1279112006173	-0.566519201925997	0.629004817456109	-0.900659559679013	0.367769356671238	0.574743114934294
hsa-miR-4785	4.52306865284646	0.850040000546988	0.939540619388614	0.904740021884454	0.365603133167826	0.574743114934294
hsa-miR-491-5p	22.5628423235257	0.527367129329821	0.580814984266803	0.907977830488563	0.363889934717764	0.574743114934294
hsa-miR-548k	35.0217391466836	-0.579096851892136	0.639118761043651	-0.906086454020686	0.364890094551802	0.574743114934294
hsa-miR-548o-3p	51.5428119239386	-0.405861388973658	0.449993111120242	-0.901928004993856	0.36709511361616	0.574743114934294
hsa-miR-7703	21.9308640031635	0.549093251788965	0.603324839074683	0.91011212571839	0.362763380378081	0.574743114934294
hsa-miR-96-5p	22.9980017033509	0.733047600711409	0.811663714195904	0.903142012991946	0.36645052876075	0.574743114934294
hsa-miR-641	56.4574601513566	-0.386583062133957	0.433778684744196	-0.891198843396211	0.372822504803642	0.580694194840887
hsa-let-7c-3p	82.2187895915032	-0.45913019751566	0.518714717597573	-0.885130461773133	0.376086271800827	0.584458395366149
hsa-miR-1233-3p	47.5094764739077	-0.424446079096188	0.481728634206168	-0.881089578151453	0.378269337625041	0.586529984182648
hsa-miR-370-5p	9.5111709726914	-0.674879667188179	0.773624963716408	-0.872360250561373	0.383011878155685	0.59255200880588
hsa-miR-6503-3p	33.7893956925181	0.696197711100752	0.800761861778809	0.869419167334245	0.384617902985101	0.593705487829351
hsa-miR-320e	16.2092410145074	-0.619191639567821	0.715475376447274	-0.865426903497987	0.386804519916558	0.59442119987177
hsa-miR-486-3p	473.697164852186	0.388866801025771	0.448870961274359	0.866322026984695	0.386313590174043	0.59442119987177
hsa-miR-1227-3p	96.7442974158367	0.394458597700727	0.466162494391286	0.846182613244789	0.397450879731127	0.599720898016257
hsa-miR-1247-3p	86.8560344955972	-0.501880234443819	0.593734547568146	-0.845293972701185	0.397946725448041	0.599720898016257
hsa-miR-199a-5p	2766.17771811823	0.398618944968673	0.469278930856627	0.849428599406816	0.395642844845679	0.599720898016257
hsa-miR-2110	431.289886852544	0.34745927137861	0.41268221396584	0.841953589517601	0.399813932010838	0.599720898016257
hsa-miR-29c-5p	426.322073640813	-0.449398300294535	0.528412512945158	-0.85046869497804	0.395064557914205	0.599720898016257
hsa-miR-30e-5p	3789.76558871902	-0.396248086242605	0.467561192178252	-0.847478560820208	0.396728432030261	0.599720898016257
hsa-miR-320a	67098.0799454514	0.347729783964291	0.412402410099634	0.84318077549615	0.399127348472154	0.599720898016257
hsa-miR-340-5p	160.305681300148	-0.424908743444988	0.502468735463219	-0.845642153343672	0.397752402402804	0.599720898016257
hsa-miR-3622a-5p	62.3984816601477	-0.448491269742919	0.531636337463275	-0.843605371075488	0.398889961917436	0.599720898016257
hsa-miR-3917	24.1245408371939	-0.597188486647057	0.708779024820266	-0.842559480084069	0.39947486085178	0.599720898016257
hsa-miR-502-3p	2252.10265198544	-0.390011861272494	0.455638222193967	-0.855968271043038	0.392015329972061	0.599720898016257
hsa-miR-187-5p	7.85503317355451	-0.583661964518294	0.695786513091951	-0.838852081114083	0.40155232069701	0.599720998443586
hsa-miR-489-3p	551.627791078547	-0.482978407240227	0.575471731330362	-0.839273905120741	0.40131562307426	0.599720998443586
hsa-miR-181c-3p	480.566687289629	-0.353342120548803	0.42479661977256	-0.831791271639557	0.405526771474545	0.604348752305477
hsa-miR-30d-5p	167838.551174616	-0.341290403431378	0.413181173863655	-0.826006664921281	0.408800311043794	0.60660691316176
hsa-miR-6730-5p	15.4953060822954	0.527148667326681	0.637789399115699	0.826524661679196	0.40850653428531	0.60660691316176
hsa-miR-128-1-5p	139.950748990614	0.36971872615954	0.45850542657955	0.806356271326256	0.420037453136657	0.621943868378312
hsa-miR-125a-3p	576.414461175925	-0.345574610613937	0.431050884885976	-0.801702589487435	0.422725017562161	0.624583002393771
hsa-miR-181a-3p	8289.82095109711	-0.330783963262937	0.418550081051565	-0.79030916069082	0.429347238196709	0.633011953751558
hsa-miR-4661-5p	60.5531608190187	-0.369207083607438	0.472657637695057	-0.781130048819053	0.434726010271963	0.639575580144252
hsa-miR-5581-3p	9.14450275996886	0.549245348040299	0.705185136924706	0.77886688088116	0.436058135170495	0.640170453760939
hsa-miR-454-5p	107.742215493435	-0.348561407069806	0.449697891887139	-0.775101269892733	0.438279821278511	0.642065980216926
hsa-miR-27a-3p	8417.22313399655	0.313357646006653	0.405728759464588	0.772332842316057	0.439917318472447	0.643099469800822
hsa-miR-23a-5p	223.264512543094	-0.401349025368218	0.529914234543495	-0.757384873259666	0.448819315966737	0.647216295183526
hsa-miR-365a-3p	1534.65506882483	-0.275180168570608	0.362751572388615	-0.758591249539253	0.448097108819077	0.647216295183526
hsa-miR-365b-3p	1534.65506882483	-0.275180168570608	0.362751572388615	-0.758591249539253	0.448097108819077	0.647216295183526
hsa-miR-3960	366.76070225141	0.651620923044471	0.86126768666044	0.756583502593864	0.449299428105665	0.647216295183526
hsa-miR-425-3p	487.191189189042	0.298316276897026	0.39374366440337	0.757640830485634	0.448666029863611	0.647216295183526
hsa-miR-505-5p	196.701232196412	0.31236999239939	0.408920391907614	0.763889496784899	0.444933097079897	0.647216295183526
hsa-miR-6762-3p	23.7288146015198	-0.531503753770733	0.695778004327794	-0.763898471157091	0.444927748588073	0.647216295183526
hsa-miR-27b-5p	1621.16668836445	-0.39568728883638	0.526577146847666	-0.751432703080919	0.452392287423664	0.650313913171517
hsa-miR-212-5p	107.990432092824	0.419284712986944	0.559244969658381	0.749733543858369	0.453415200624765	0.650429289877522
hsa-miR-193b-3p	6000.72040350319	0.309118673861988	0.414272277785741	0.746172723683584	0.455563082911789	0.652154620765839
hsa-miR-1303	170.471493060837	-0.421136824040427	0.572687033932643	-0.735369929974632	0.462114229927463	0.660163185610661
hsa-miR-4478	47.9573422698587	-0.330085711294762	0.455214672348483	-0.725120984329939	0.468377811934612	0.666351938628623
hsa-miR-760	95.2703543842416	-0.264251807000399	0.364357928291112	-0.725253347003524	0.468296620795532	0.666351938628623
hsa-miR-616-5p	76.4056234652131	0.376783444722773	0.522360738312244	0.721308890748884	0.470719488070116	0.668305446025474
hsa-miR-129-1-3p	220.103359838829	-0.397016713545185	0.556524911647028	-0.713385340415795	0.475607341888432	0.673858451546238
hsa-miR-574-5p	3323.83425324926	-0.332347829405567	0.469355400851784	-0.70809418364511	0.478886771336854	0.675729800045868
hsa-miR-664b-3p	292.914089363239	0.293926229332507	0.414762312469931	0.708661854019863	0.47853434209985	0.675729800045868
hsa-miR-320d	526.689591958728	-0.316229457959208	0.450786259657217	-0.701506426126813	0.482987025683328	0.678739404728098
hsa-miR-339-3p	1849.66270752359	0.276997228767733	0.394026931231153	0.702990599912154	0.482061607582105	0.678739404728098
hsa-miR-652-3p	2343.57067730259	0.31311292605993	0.448917633098638	0.697484132887983	0.485499865909085	0.680036461413134
hsa-miR-765	13.3357100717185	-0.425543447468913	0.610645444987226	-0.696874841140942	0.485881123879239	0.680036461413134
hsa-let-7a-2-3p	10.8352096765176	0.507457779753016	0.736607841822693	0.68891172607848	0.490878819774549	0.68095757819595
hsa-miR-135b-5p	23.9277851047908	-0.534163671833583	0.777766238557208	-0.68679205312959	0.492213778327776	0.68095757819595
hsa-miR-185-3p	27.2312464015514	0.381784790002421	0.554593963495526	0.688404157153256	0.491198306676136	0.68095757819595
hsa-miR-18b-3p	11.6047437798489	0.457425575642416	0.666514013355609	0.686295511386891	0.492526778898304	0.68095757819595
hsa-miR-3187-3p	20.4567725834724	0.373389009291951	0.539230311562463	0.692448108508637	0.488655962802118	0.68095757819595
hsa-miR-550a-3p	286.959763597868	0.29549779587572	0.431487053276834	0.684835833732732	0.493447520431848	0.68095757819595
hsa-miR-598-3p	119.197413510507	-0.415969247920779	0.601795547974163	-0.691213567998408	0.489431338577424	0.68095757819595
hsa-miR-127-3p	5697.39132913085	0.321964569887869	0.476828572622798	0.675220799200226	0.499535494077254	0.683887878796241
hsa-miR-6810-3p	106.67951752716	0.321913670677817	0.474725505614969	0.678104856112173	0.497705211953028	0.683887878796241
hsa-miR-7704	383.557262207274	0.372182749815745	0.550710955654474	0.675822309315486	0.499153468597991	0.683887878796241
hsa-miR-92a-3p	1162711.06806615	-0.310770693454872	0.459959959943534	-0.675647274804144	0.499264618866285	0.683887878796241
hsa-miR-15a-5p	807.435489040769	-0.362375223259274	0.538455617696385	-0.672989957481703	0.50095367990708	0.684471364625515
hsa-miR-3934-5p	29.8710675258131	0.374280451220418	0.568527000548476	0.658333642657846	0.510323764605477	0.690452861667391
hsa-miR-4732-5p	11.9252995825216	-0.46996766062708	0.71474748324847	-0.657529647381359	0.510840414263871	0.690452861667391
hsa-miR-532-3p	5084.37111912462	-0.251751137996874	0.380548177432555	-0.661548663024389	0.508260517649454	0.690452861667391
hsa-miR-584-5p	92.9986321913555	0.293484902348018	0.446867949197234	0.656759794197015	0.511335380162372	0.690452861667391
hsa-miR-589-3p	166.745158461215	-0.29518804329352	0.448463040070939	-0.658221563245939	0.510395770760422	0.690452861667391
hsa-miR-6842-3p	263.306702989582	0.29304974670389	0.442218120051037	0.662681453826606	0.50753459022361	0.690452861667391
hsa-miR-340-3p	74.3826845307821	0.338797308467508	0.519022068568626	0.652760892040396	0.513910439495516	0.692087923903351
hsa-miR-6879-3p	36.4714689356731	0.354026775033191	0.543181039016435	0.651765709042871	0.514552326032492	0.692087923903351
hsa-miR-758-3p	23.4470673961668	0.432087491276771	0.672405462617981	0.642599614813445	0.520483933086251	0.69870411250878
hsa-miR-4485-5p	25.4665834586448	-0.505556836231814	0.789591706717299	-0.640276274346459	0.5219930025371	0.699369265535143
hsa-miR-3129-3p	27.0083102411949	-0.434864282475026	0.685795825337866	-0.634101676341911	0.526014468841759	0.703391440893049
hsa-miR-7110-3p	12.3016050169662	-0.401652016117816	0.635761499310884	-0.631765239878753	0.527540290442305	0.704067312195726
hsa-miR-148b-5p	174.180313312107	-0.270976117475834	0.439716755834644	-0.616251516186786	0.537728532620704	0.715483843320906
hsa-miR-487b-3p	163.604774324248	0.315168163599191	0.511981335695321	0.615585259902419	0.538168282150073	0.715483843320906
hsa-miR-6513-3p	15.9693792092718	-0.359661473424144	0.586578649405432	-0.613151320438793	0.53977628898096	0.716241614224735
hsa-miR-3620-3p	116.268802514436	0.250114486782365	0.414290314116947	0.603717920163015	0.546031197889604	0.717774565534526
hsa-miR-4728-3p	234.278733334199	-0.308153918202925	0.50669439983388	-0.608165233923946	0.54307789019946	0.717774565534526
hsa-miR-4787-3p	44.4725074864618	0.318119321162317	0.527067123328501	0.603565100310848	0.546132821602357	0.717774565534526
hsa-miR-7-1-3p	47.7561620551435	0.321089160073795	0.529720703142834	0.606148028892911	0.544416460170154	0.717774565534526
hsa-miR-874-5p	152.846172423502	0.330495212612128	0.543743540402084	0.607814508228889	0.543310505780635	0.717774565534526
hsa-let-7g-3p	28.5249380469578	0.389589762100336	0.653231542001787	0.59640378189097	0.55090551460237	0.718735859879273
hsa-miR-409-3p	5158.26730601691	0.300669446830735	0.50429603034554	0.59621616815964	0.551030825907442	0.718735859879273
hsa-miR-6741-3p	55.0745322335005	0.291459112394763	0.486916046050737	0.598581859765601	0.549451755823271	0.718735859879273
hsa-miR-7111-3p	14.7224057987231	0.403739806004526	0.671953534281205	0.600844828409766	0.547943343020723	0.718735859879273
hsa-miR-6757-5p	14.432315969022	-0.39256652665292	0.667829067767836	-0.58782485758675	0.55664985737731	0.724695097340271
hsa-miR-34c-5p	38.6606927040291	0.42815543764222	0.731043010374338	0.58567749306977	0.558092261620506	0.725121584418361
hsa-miR-873-3p	38.0378899082652	-0.384710766116672	0.65851487945454	-0.584209678656518	0.559079250595026	0.725121584418361
hsa-miR-320c	1260.85792668485	0.294289608006705	0.50864647371395	0.578573966822006	0.562876674848302	0.728677121285794
hsa-miR-4454	438.585342504291	-0.386968863140009	0.671799748522892	-0.576018172068165	0.564602898778315	0.729543071455127
hsa-miR-1254	28.4827802732966	0.365696194772291	0.651274942823205	0.561508159959354	0.574451169165789	0.730374225567443
hsa-miR-1343-3p	57.1542566544463	0.26562178890837	0.477407217179066	0.556384108472203	0.577948300231629	0.730374225567443
hsa-miR-214-3p	25177.9132401776	0.185279418690108	0.332184877729593	0.55775994366887	0.577008318713693	0.730374225567443
hsa-miR-23c	118.766429278717	-0.234510028465591	0.42077230744566	-0.557332372677298	0.577300361441481	0.730374225567443
hsa-miR-3157-3p	6.80983240704742	0.469984086574275	0.843088225736459	0.55745540291911	0.577216321274123	0.730374225567443
hsa-miR-324-5p	429.574786292854	0.327065158578948	0.582600358515981	0.56138852954375	0.57453270182327	0.730374225567443
hsa-miR-328-3p	4953.2547713149	0.193186546037201	0.340878186231697	0.566731911398671	0.570896336559946	0.730374225567443
hsa-miR-4728-5p	17.8977282328844	-0.411297884936377	0.733660879647144	-0.560610353293189	0.575063192023452	0.730374225567443
hsa-miR-6761-3p	13.405646973715	-0.446476418779986	0.792469131653829	-0.563399129311473	0.57316312994695	0.730374225567443
hsa-miR-6806-3p	48.1822980327882	0.379949658899408	0.680856520150893	0.558046589338973	0.57681257084015	0.730374225567443
hsa-miR-6837-3p	37.8476541717796	-0.321535307788804	0.574336590370991	-0.559837755733287	0.575590108172858	0.730374225567443
hsa-miR-877-3p	115.315572516468	0.292151963601973	0.515183183401263	0.567083656871662	0.570657345952456	0.730374225567443
hsa-miR-30c-5p	250537.748608428	-0.243189562352972	0.438331350635977	-0.554807594757089	0.579026271802772	0.730398770647007
hsa-miR-1285-5p	18.5793158655481	0.352787384629225	0.64202990977614	0.549487460408556	0.58267096772228	0.733093666816049
hsa-miR-183-5p	1606.76109222938	0.265317684448848	0.483636580160939	0.548588951564744	0.583287569684074	0.733093666816049
hsa-miR-200b-3p	23880.7652760414	-0.209870280455453	0.385174338018197	-0.544870879859961	0.58584232542361	0.733631950167498
hsa-miR-7846-3p	24.7830632733454	0.326679232557341	0.59796565623155	0.546317717669794	0.584847559308008	0.733631950167498
hsa-miR-654-3p	3292.97802041805	0.228100593970959	0.420191420042876	0.542849242251742	0.587233605893617	0.734042007367022
hsa-miR-6735-3p	18.7810427328339	0.318774678376392	0.596348438039935	0.53454433355126	0.592964985338356	0.739865894906809
hsa-miR-145-5p	91095.2957115647	-0.277012588381357	0.524658402066184	-0.527986566669741	0.597508659641496	0.744189485835076
hsa-miR-32-3p	10.1359080492332	-0.470762727665783	0.897229138820842	-0.524685063488319	0.59980214235572	0.744332365371558
hsa-miR-335-5p	61.0126112935537	0.342773005302214	0.659094320662669	0.520066695397379	0.603017090206813	0.744332365371558
hsa-miR-346	25.8265071874615	0.300085236926177	0.574603006265373	0.52224794102032	0.601497710554482	0.744332365371558
hsa-miR-6793-3p	74.3069649824787	-0.309242562713962	0.590878187904785	-0.523360938081867	0.60072310179145	0.744332365371558
hsa-miR-873-5p	14.9526470381753	-0.404463992662241	0.777666933180803	-0.520099255098719	0.602994397561766	0.744332365371558
hsa-miR-224-5p	364.226733680418	0.287066288982219	0.555653561831794	0.516628181120377	0.605415739382838	0.745958678882425
hsa-miR-345-5p	1417.97036040802	0.214694903192859	0.422328093763951	0.508360458049131	0.611200578099583	0.751744026539594
hsa-miR-193b-5p	226.684439000898	0.281138138299809	0.560033169246301	0.502002655803705	0.615665652820336	0.753207979514241
hsa-miR-92b-5p	220.591007839415	0.300263964019316	0.598126461046951	0.502007491014088	0.615662251618872	0.753207979514241
hsa-miR-943	24.5601519011687	0.257004438182441	0.511087984765049	0.502857523251281	0.615064447172562	0.753207979514241
hsa-miR-133b	18.7304340773882	-0.312039846464378	0.630606973617124	-0.494824604736823	0.620723934655959	0.754048441747556
hsa-miR-210-5p	719.962641465189	0.286066819371307	0.574954554346281	0.497546836021784	0.618803483473253	0.754048441747556
hsa-miR-432-5p	703.083016845778	0.260606785001083	0.525778753203562	0.495658646176191	0.620135268290803	0.754048441747556
hsa-miR-6859-5p	44.6147417655334	-0.24453526060864	0.493296494925358	-0.495716598687046	0.620094374451046	0.754048441747556
hsa-miR-32-5p	8.50624981182851	-0.394442447939679	0.815166144423481	-0.483879820866021	0.628471162185569	0.762117929539617
hsa-miR-1307-5p	260.631236214509	-0.188469509274731	0.398779923285258	-0.47261534061712	0.636487635826894	0.770485032843083
hsa-miR-5006-3p	16.1231600395966	-0.29399843372089	0.624743224733066	-0.470590831691703	0.637932956107249	0.770882206154119
hsa-miR-6852-5p	44.9846224308447	0.211348363333937	0.453453590751925	0.46608598463952	0.641153954897528	0.773419980558207
hsa-miR-6777-3p	14.821869969465	0.292775397825963	0.632348398431953	0.462996978488384	0.643366532887011	0.774734568397971
hsa-miR-299-5p	23.1022246680771	0.328809138855169	0.718953076039779	0.457344366153009	0.647423545416793	0.778261753201371
hsa-miR-3607-3p	466.306604268339	-0.212519488311343	0.467054233648782	-0.455021008269361	0.64909412504687	0.778912950056244
hsa-miR-493-5p	271.969046964401	-0.228807765894654	0.509363454485093	-0.449203341700186	0.653284977087411	0.782580962135961
hsa-miR-296-3p	18.5618217453702	0.285396228382226	0.645154834228861	0.442368580750626	0.658222511111871	0.787129172733434
hsa-miR-6750-3p	59.0859873720461	0.30088191559546	0.692368742219505	0.434568889737761	0.663875380673082	0.792515592845029
hsa-miR-6882-5p	4.56746663496009	-0.386308436679655	0.900813554846929	-0.428843942901479	0.668036797436635	0.796106028033295
hsa-miR-222-5p	12.1456366862005	-0.28066773593877	0.664048993558025	-0.422661187143633	0.672542477366845	0.800093636867453
hsa-miR-143-5p	94.4861924120815	-0.19995740963684	0.475882112414452	-0.420182655368845	0.67435202443895	0.800865571192556
hsa-miR-542-5p	37.2084729695904	0.193035054496068	0.462983866566708	0.416936892266968	0.676724568037701	0.802302322931295
hsa-miR-3074-5p	44.4998713767039	-0.230657782533405	0.555960406328217	-0.414881671262816	0.67822852802839	0.80270614809535
hsa-miR-1306-5p	202.258197046102	0.222054737920966	0.545144293053392	0.407332041719122	0.683764132366974	0.807404679926784
hsa-miR-6729-3p	11.973327042417	0.266196123503879	0.655207720148708	0.406277452658009	0.684538750372708	0.807404679926784
hsa-miR-1296-5p	942.955104291107	0.139625066261185	0.34993964102002	0.39899756956428	0.689894995094833	0.809102958741935
hsa-miR-141-3p	403.350845235593	-0.190687548689913	0.482505710369134	-0.395202677589102	0.692693316763048	0.809102958741935
hsa-miR-450b-5p	11.4770073110335	0.285224828525684	0.721842146415269	0.395134628730306	0.692743533856404	0.809102958741935
hsa-miR-5010-3p	171.018759137842	0.184774014655091	0.465119308298006	0.397261544207287	0.691174602341552	0.809102958741935
hsa-miR-5690	76.8410670142017	0.257325487789464	0.651840142329318	0.394767782895243	0.693014273357223	0.809102958741935
hsa-miR-6716-3p	246.193620492414	0.163750777619271	0.408837190282231	0.400528086758032	0.688767600706216	0.809102958741935
hsa-miR-497-5p	3022.59972046604	-0.190855530081325	0.491714952426902	-0.388142620311506	0.697910493087838	0.813442973362514
hsa-miR-1271-5p	45.1326898420493	0.177579311915176	0.465051501295994	0.381848701531557	0.702573592356484	0.814863647344924
hsa-miR-337-3p	63.8879588798066	-0.236156659956175	0.6186716408419	-0.381715670100554	0.702672275609029	0.814863647344924
hsa-miR-6843-3p	26.8649258432053	-0.3007024620786	0.783726864429932	-0.383682728927922	0.701213615009306	0.814863647344924
hsa-miR-212-3p	215.374564706102	0.250478107100949	0.66841123353633	0.374736531245528	0.707856420729186	0.817687664478158
hsa-miR-324-3p	708.226854958071	0.14469630426954	0.388281180715776	0.372658556365775	0.709402585262046	0.817687664478158
hsa-miR-486-5p	922844.770866101	-0.208549722506439	0.560526154587433	-0.372060644806019	0.709847697133937	0.817687664478158
hsa-miR-605-5p	23.7995675281301	0.250630868866569	0.665686747056802	0.376499712476901	0.7065454291984	0.817687664478158
hsa-miR-125a-5p	435905.528274134	0.143367837643264	0.388832282050895	0.368713824086496	0.712341043547065	0.819192200079125
hsa-miR-3158-3p	192.703774075491	-0.165880560215961	0.455374274603547	-0.364273015554903	0.715654148109966	0.821632882189479
hsa-miR-28-5p	5949.18300821996	-0.124166450245804	0.343243374748542	-0.361744637713015	0.717542866766929	0.822427697645379
hsa-miR-378b	10.3215425176253	-0.265388609938384	0.736870767633157	-0.360156246652065	0.718730292290092	0.822427697645379
hsa-miR-1307-3p	3717.02986596762	-0.14571457460433	0.412492422944728	-0.353253942373276	0.723898071080933	0.825385469190338
hsa-miR-6735-5p	13.8841683545504	0.253295035001633	0.713889968318476	0.354809629274178	0.722732214019635	0.825385469190338
hsa-miR-6885-3p	18.5965036526216	0.248152919499888	0.705154839279532	0.351912666093917	0.724903759897601	0.825385469190338
hsa-miR-6516-5p	9.28642353936335	-0.266054004716797	0.773995653337837	-0.343740954577001	0.731041108539027	0.830675876873379
hsa-miR-6824-3p	15.8364991601014	-0.238620123221447	0.696655755920401	-0.342522287648638	0.731957874114513	0.830675876873379
hsa-let-7f-2-3p	151.915402333686	0.19553951563455	0.576275584168721	0.339315981808627	0.7343717043286	0.832046758598906
hsa-miR-181a-2-3p	18400.2177122656	-0.191698115299307	0.571833845310638	-0.335233944040459	0.737448618334134	0.832797948691575
hsa-miR-181c-5p	7535.80399845972	-0.13294217263419	0.395202001859385	-0.336390433268835	0.736576462730494	0.832797948691575
hsa-miR-125b-5p	143983.4654641	0.121944920645988	0.370633872704489	0.329017204380604	0.742142684133177	0.834003993569857
hsa-miR-4750-5p	18.7408625080634	-0.19450819365043	0.589179977090508	-0.330133747265057	0.74129890473473	0.834003993569857
hsa-miR-6875-5p	10.4572051551845	0.234916759386232	0.711625783104345	0.330112771295959	0.741314753560568	0.834003993569857
hsa-miR-455-3p	6876.68349896259	0.161148686145545	0.50272202404285	0.320552270317501	0.748549712948101	0.837113941546498
hsa-miR-6514-5p	19.2010939536008	-0.17048405698874	0.530716233828683	-0.32123392148538	0.748033127617901	0.837113941546498
hsa-miR-654-5p	50.999192607188	0.163765909651777	0.510199619568086	0.32098399013001	0.748222523505155	0.837113941546498
hsa-miR-200b-5p	1209.63538236993	-0.131528636057404	0.436525894102841	-0.30130775249364	0.763179829824059	0.846614280672991
hsa-miR-21-5p	27565.1036208254	0.209634988762425	0.695518861349976	0.301408057224402	0.763103351051951	0.846614280672991
hsa-miR-4800-3p	122.349986791663	0.144009435584861	0.473223074699143	0.304316174092772	0.76088702400096	0.846614280672991
hsa-miR-6798-3p	30.7746524591607	-0.195085961521013	0.642566824154429	-0.303604160980038	0.761429481133787	0.846614280672991
hsa-miR-7854-3p	10.4680992091879	0.187352042232675	0.619599398754606	0.302376087854914	0.762365381231545	0.846614280672991
hsa-miR-106b-3p	6399.44975977687	0.113405928800448	0.383232392098868	0.295919476376597	0.767291576844676	0.847633283735792
hsa-miR-3200-3p	125.631600134168	0.146244602662263	0.493662094081088	0.296244342872802	0.767043487060958	0.847633283735792
hsa-miR-4485-3p	32.4364914357648	0.180021951432507	0.609675450228992	0.295275053907601	0.767783771499812	0.847633283735792
hsa-miR-452-5p	186.569837930113	-0.149494352678149	0.511677514490426	-0.292165179130508	0.770160333692282	0.848898770363698
hsa-miR-3117-3p	21.316797502148	-0.226212372376589	0.782875719829124	-0.288950553257628	0.772619216978044	0.850250812942345
hsa-let-7b-3p	21134.9151637	0.113489268425056	0.396474948581402	0.286245748517336	0.774689906686968	0.851172031232496
hsa-miR-423-3p	52537.5847958822	0.106043296596863	0.377944617362197	0.280578930682953	0.7790333780054	0.854583514823094
hsa-miR-1295a	25.7148735143449	0.230765655725427	0.830432323848694	0.277886167359103	0.781099742715835	0.85469659204238
hsa-miR-139-5p	4118.01536320332	-0.101670350659441	0.368014950946635	-0.276266902738373	0.782343074814202	0.85469659204238
hsa-miR-6784-3p	22.3172802989479	0.186477568413109	0.676615096459604	0.275603617756765	0.782852530682296	0.85469659204238
hsa-miR-887-3p	272.282725942925	-0.117983027777707	0.435066708906825	-0.271183764150003	0.786249699601728	0.857049435584822
hsa-miR-1249-3p	432.770512192697	0.135948428751718	0.513961175182044	0.264511086277219	0.791386123322813	0.860875263970715
hsa-miR-6827-3p	45.8483275718366	0.149574876076558	0.567897013098531	0.263383804856545	0.792254771915079	0.860875263970715
hsa-miR-887-5p	21.6600897035668	0.155484669596654	0.597299031453619	0.260312944453063	0.794622388478715	0.862090327123134
hsa-miR-145-3p	442.850946726489	-0.147227256270487	0.577680543903691	-0.25485929520076	0.798831776011386	0.865296586260371
hsa-miR-550a-3-5p	17.9680710627819	-0.137219832317345	0.560283729668932	-0.244911328048786	0.806525090249335	0.872260677542385
hsa-miR-4443	51.3605996087103	-0.165998653887735	0.690212503823498	-0.240503689759559	0.809939803182134	0.874582886065216
hsa-miR-219a-1-3p	66.2910134440591	-0.108770716038884	0.462845912986245	-0.235004162264509	0.814205502662541	0.877815307558052
hsa-miR-1247-5p	940.568419777664	0.0895441005871453	0.387285603359824	0.231209473861982	0.817152070316336	0.879617673195432
hsa-miR-431-3p	22.6260317651889	0.150965745465211	0.660760665429451	0.228472657898142	0.819278809871449	0.880533300329127
hsa-miR-495-3p	37.3300525515003	-0.151735157192693	0.672637817702759	-0.225582257195871	0.821526341876999	0.881575701236593
hsa-miR-28-3p	84529.082404048	-0.083945180764927	0.390795181791826	-0.214806079184579	0.829918513030584	0.889198406818483
hsa-let-7a-3p	868.23598162477	-0.131130682709299	0.631206535601288	-0.207746078839921	0.835427236784825	0.893242020451876
hsa-miR-126-3p	8906.30285204187	-0.0905705330558835	0.438275653936547	-0.206651983158061	0.836281659727409	0.893242020451876
hsa-miR-23b-5p	79.6216934845105	-0.111751884631886	0.555067395002189	-0.201330299055749	0.840440312368525	0.895289995653447
hsa-miR-3913-5p	10.1909271033073	-0.164561227150678	0.819210390652455	-0.20087785632164	0.840794082874542	0.895289995653447
hsa-miR-296-5p	170.92543748008	0.0843297213331956	0.443027130866293	0.190348887139931	0.849035747467752	0.90267282858667
hsa-miR-18a-5p	13.5277112031537	0.139364477511097	0.744239542991203	0.187257555478673	0.851458700097973	0.903856158565541
hsa-miR-132-3p	5411.72954683752	0.0957271145756401	0.536499636515508	0.178429039015524	0.858386045369989	0.909810094170956
hsa-miR-1285-3p	199.730378236006	0.0665646953028949	0.38015889199705	0.17509703627664	0.861003387005593	0.911184566002851
hsa-miR-29a-5p	17.6261510403725	0.0925570644264211	0.565408709745404	0.163699396261685	0.869967792849953	0.919261526901175
hsa-miR-146a-5p	2364.38430733903	-0.109526675112118	0.686033985033713	-0.159651966960115	0.873155240251419	0.921218831457919
hsa-miR-1301-3p	412.290619201556	0.0616579273433819	0.42914256740583	0.143677024901316	0.885755514409593	0.932930812050893
hsa-miR-134-5p	494.935335417996	-0.06030040822642	0.426242301181289	-0.14146978856698	0.887498825213001	0.932930812050893
hsa-miR-23b-3p	81280.145421433	-0.0567615577292402	0.406832326376905	-0.139520765802308	0.88903864768427	0.932930812050893
hsa-miR-3661	18.2015176899516	-0.0792591977602758	0.571324737439079	-0.138728804419618	0.889664455549982	0.932930812050893
hsa-miR-3614-5p	68.7334984727207	0.109264149309059	0.799929653712147	0.136592197578886	0.891353144124343	0.933283261677992
hsa-miR-181a-5p	575301.760045481	0.057864562711248	0.430573459662263	0.134389524975916	0.893094564354918	0.933689771825596
hsa-miR-186-5p	12522.5993606716	0.0537107953782226	0.416811588817472	0.128861089324806	0.897467566122537	0.935426919372432
hsa-miR-3909	206.003151377103	0.0562086510272653	0.435817774865621	0.12897282825281	0.89737914914489	0.935426919372432
hsa-miR-136-3p	55.4432337082273	-0.0797638303795124	0.643236126951747	-0.124003965320648	0.901312135426683	0.935818242843752
hsa-miR-493-3p	20.6324991752644	0.0987008156309308	0.80083973577056	0.123246651261581	0.901911784769703	0.935818242843752
hsa-miR-6749-3p	91.0574518451892	0.0640897832554038	0.51338773433588	0.124836997397903	0.90065259679984	0.935818242843752
hsa-miR-3127-5p	84.4878269940193	-0.0617692060472798	0.528379042772778	-0.116903209716898	0.906936754609971	0.939619160181501
hsa-miR-1287-5p	38.5959831049908	0.0523218303503337	0.456828106761122	0.114532861651818	0.908815397955748	0.940153859954222
hsa-miR-744-3p	81.0848457492604	-0.0461242180852192	0.417586689678969	-0.110454234354736	0.91204914341012	0.942086690049376
hsa-miR-127-5p	18.3254903492135	0.0656042999176336	0.633859288514789	0.103499784741425	0.917566320329394	0.946368850563949
hsa-miR-95-3p	180.647493736409	0.0509047984413895	0.516014177324449	0.098649999706079	0.92141616957978	0.948921129865744
hsa-miR-133a-3p	1080.36921327289	-0.0444324601147724	0.469162146131287	-0.0947059784792158	0.924548369185839	0.950727831204514
hsa-miR-24-2-5p	128.644771964888	0.038174610752083	0.449253899431274	0.0849733542667288	0.932282574289933	0.957254428958413
hsa-miR-4732-3p	165.251248671351	0.0434189543501908	0.538185433500678	0.0806765691664454	0.935699171159191	0.959334960029483
hsa-miR-450a-5p	31.9243464694187	-0.0406113956482041	0.60427111994962	-0.0672072424238809	0.946416719542386	0.965396555400389
hsa-miR-5187-5p	9.35376457413816	0.0484458396845487	0.731662112435366	0.0662134048779631	0.947207924646468	0.965396555400389
hsa-miR-659-5p	64.9871117190486	-0.0345499369673226	0.486860872074651	-0.0709647025444776	0.943425847926048	0.965396555400389
hsa-miR-671-5p	55.643792580371	0.0304140834984127	0.43655117149728	0.0696689998427876	0.944457116348537	0.965396555400389
hsa-miR-1908-5p	88.1420101482301	0.0339151024433523	0.552248198918964	0.0614127895930522	0.951030466963936	0.966946542293322
hsa-miR-29a-3p	11418.3949698066	0.0233225907974044	0.383697956496141	0.0607837242876716	0.951531452488646	0.966946542293322
hsa-miR-100-5p	24439.4116554437	-0.0257997558435444	0.451604941898736	-0.0571290379043938	0.954442405287837	0.967056181569175
hsa-miR-484	6493.22345273654	0.0206545707905954	0.360922945000632	0.0572270925877524	0.954364296755646	0.967056181569175
hsa-miR-106b-5p	189.898328027847	0.0154004960360411	0.437109123048747	0.0352326117758096	0.971894257930191	0.981855106840164
hsa-miR-331-5p	22.6555146826627	0.0224125446661407	0.635991207267287	0.0352403373034706	0.971888097676447	0.981855106840164
hsa-miR-128-3p	2184.19783116346	0.0142773278459934	0.481685996465329	0.0296403216011306	0.976353907441752	0.983671002220907
hsa-miR-6809-3p	15.8200928892059	-0.0204285683484531	0.694771591755517	-0.0294032867648418	0.976542951480176	0.983671002220907
hsa-miR-376a-5p	16.4044005102267	-0.0163358475307258	0.706621549002041	-0.0231182413751701	0.981555955061254	0.987279313399804
hsa-miR-3154	45.3927590197946	0.0142215860206333	0.716146340999932	0.0198584914931998	0.984156257599127	0.988453883178162
hsa-miR-26b-3p	1351.1382913312	0.00286123712617508	0.482962301440813	0.00592434879003848	0.995273081218461	0.998166316919677
hsa-miR-1266-5p	28.5178756123389	0.00016275926535342	0.604102292638951	0.000269423353191435	0.999785031268769	0.999785031268769
hsa-miR-589-5p	799.499098488589	0.000168706846744072	0.371751145087634	0.000453816616232082	0.999637906740901	0.999785031268769
